metric,value,real,fake,net
fid,19.55176919656779,image_folder_1024x1024_normalized_log_transform_193A_40K_with_lev1.5_corrections,diffusion_1000steps_train_250_steps_inference_58Ktraining,vicreg_rn50_inet
fid,0.6355633811935333,image_folder_1024x1024_normalized_log_transform_193A_40K_with_lev1.5_corrections,diffusion_250steps_train_250_steps_inference_58Ktraining,mae_vitb16
fid,5.252128939214895e-05,image_folder_1024x1024_normalized_log_transform_193A_40K_with_lev1.5_corrections-CROPPED64,randomly_initialized_feature_network-CROPPED64,mae_solar_vitb16
fid,25.78335915914533,image_folder_1024x1024_normalized_log_transform_193A_40K_with_lev1.5_corrections,diffusion_1000steps_train_250_steps_inference_78Ktraining_no_random_flip_dropout0.3,vicreg_rn50_inet
fid,15.89364186544817,image_folder_1024x1024_normalized_log_transform_193A_40K_with_lev1.5_corrections,diffusion_4000steps_train_125_steps_inference_58Ktraining,vicreg_rn50_solar_v2
fid,21.799823312056105,image_folder_1024x1024_normalized_log_transform_193A_40K_with_lev1.5_corrections-CROPPED64,randomly_initialized_feature_network-CROPPED64,
fid,3.366565788104363,image_folder_1024x1024_normalized_log_transform_193A_40K_with_lev1.5_corrections,unfreeze_feature_network,random_inception_v3
fid,0.6527447322301341,image_folder_1024x1024_normalized_log_transform_193A_40K_with_lev1.5_corrections-CROPPED128,unfreeze_feature_network-CROPPED128,mae_solar_vitb16
fid,175.68624188476792,image_folder_1024x1024_normalized_log_transform_193A_40K_with_lev1.5_corrections-CROPPED128,randomly_initialized_feature_network_unfrozen-CROPPED128,
fid,523.9451652442158,image_folder_1024x1024_normalized_log_transform_193A_40K_with_lev1.5_corrections-CROPPED299,unfreeze_feature_network+trainable_projections-CROPPED299,inception_v3
fid,476.8167523428955,image_folder_1024x1024_normalized_log_transform_193A_40K_with_lev1.5_corrections,efficientnet-lite2,mae_solar_vitb16_v2
fid,2.145252911133156,image_folder_1024x1024_normalized_log_transform_193A_40K_with_lev1.5_corrections-CROPPED128,trainable_projections-CROPPED128,
fid,63.26151978568577,image_folder_1024x1024_normalized_log_transform_193A_40K_with_lev1.5_corrections,diffusion_500steps_train_125_steps_inference_58Ktraining,vicreg_rn50_solar_v2
fid,2.011543639757844,image_folder_1024x1024_normalized_log_transform_193A_40K_with_lev1.5_corrections,diffusion_125steps_train_125_steps_inference_58Ktraining,random_inception_v3
fid,7.424706355949894,image_folder_1024x1024_normalized_log_transform_193A_40K_with_lev1.5_corrections,efficientnet-lite1,inception_v3
fid,27.36367119435224,image_folder_1024x1024_normalized_log_transform_193A_40K_with_lev1.5_corrections,diffusion_250steps_train_250_steps_inference_56Ktraining_no_random_flip,inception_v3
fid,28.134824782188844,image_folder_1024x1024_normalized_log_transform_193A_40K_with_lev1.5_corrections,diffusion_1000steps_train_250_steps_inference_54Ktraining_no_random_flip,inception_v3
fid,0.0120991738443327,image_folder_1024x1024_normalized_log_transform_193A_40K_with_lev1.5_corrections,full_projectedgan,clip_rn50
fid,108.57306356508457,image_folder_1024x1024_normalized_log_transform_193A_40K_with_lev1.5_corrections,efficientnet-lite1,dino_vitb16
fid,8.459155895192563,image_folder_1024x1024_normalized_log_transform_193A_40K_with_lev1.5_corrections,no_cross_scale_mixing,vicreg_rn50_solar
fid,5.629130562597016,image_folder_1024x1024_normalized_log_transform_193A_40K_with_lev1.5_corrections,discriminator_1,vicreg_rn50_solar_v2
fid,1.5251953772744855,image_folder_1024x1024_normalized_log_transform_193A_40K_with_lev1.5_corrections-CROPPED128,no_cross_scale_and_no_cross_channel_mixing-CROPPED128,
fid,0.0001882392650907,image_folder_1024x1024_normalized_log_transform_193A_40K_with_lev1.5_corrections-CROPPED64,discriminator_1-CROPPED64,mae_solar_vitb16
fid,0.0059380669381731,image_folder_1024x1024_normalized_log_transform_193A_40K_with_lev1.5_corrections,no_cross_scale_and_no_cross_channel_mixing,inception_v3_other_block_0
kid,0.0016134249049048,image_folder_1024x1024_normalized_log_transform_193A_40K_with_lev1.5_corrections,efficientnet-lite3,inception_v3
fid,15.271663028622784,image_folder_1024x1024_normalized_log_transform_193A_40K_with_lev1.5_corrections,diffusion_1000steps_train_250_steps_inference_58Ktraining,inception_v3
fid,10.690697142995331,image_folder_1024x1024_normalized_log_transform_193A_40K_with_lev1.5_corrections,discriminator_1,
fid,1.1592742665095557,image_folder_1024x1024_normalized_log_transform_193A_40K_with_lev1.5_corrections-CROPPED64,full_projectedgan_baseline-CROPPED64,vicreg_rn50_solar_v2
fid,0.9580927137967024,image_folder_1024x1024_normalized_log_transform_193A_40K_with_lev1.5_corrections-CROPPED256,efficientnet-lite2-CROPPED256,
fid,10.690697142995331,image_folder_1024x1024_normalized_log_transform_193A_40K_with_lev1.5_corrections,discriminator_1,inception_v3
fid,5.777619382235644e-05,image_folder_1024x1024_normalized_log_transform_193A_40K_with_lev1.5_corrections-CROPPED64,efficientnet-lite2-CROPPED64,mae_solar_vitb16
fid,2.399525789809303,"image_folder_1024x1024_normalized_log_transform_193A_40K_with_lev1.5_corrections-CROPPED299CS_0.1,1_CR_1,1","efficientnet-lite3-CROPPED299CS_0.1,1_CR_1,1",
fid,43.295541681483286,image_folder_1024x1024_normalized_log_transform_193A_40K_with_lev1.5_corrections,diffusion_1000steps_train_250_steps_inference_58Ktraining_small_unet,inception_v3
fid,55.83802989876921,image_folder_1024x1024_normalized_log_transform_193A_40K_with_lev1.5_corrections-CROPPED256,randomly_initialized_feature_network-CROPPED256,inception_v3
fid,5.412397124402787,image_folder_1024x1024_normalized_log_transform_193A_40K_with_lev1.5_corrections,full_projectedgan_baseline,inception_v3
fid,741.4428383658726,image_folder_1024x1024_normalized_log_transform_193A_40K_with_lev1.5_corrections,unfreeze_feature_network,vicreg_rn50_solar_v2
fid,441.4255558859576,image_folder_1024x1024_normalized_log_transform_193A_40K_with_lev1.5_corrections-CROPPED128,unfreeze_feature_network+trainable_projections-CROPPED128,inception_v3
fid,35.437836047956225,image_folder_1024x1024_normalized_log_transform_193A_40K_with_lev1.5_corrections,diffusion_1000steps_train_250_steps_inference_54Ktraining_no_random_flip,vicreg_rn50_inet
fid,1.789786842728006,image_folder_1024x1024_normalized_log_transform_193A_40K_with_lev1.5_corrections-CROPPED256,"discriminator_1,2,3-CROPPED256",
fid,3.1674199274095582,image_folder_1024x1024_normalized_log_transform_193A_40K_with_lev1.5_corrections-CROPPED64,unfreeze_feature_network+trainable_projections-CROPPED64,mae_solar_vitb16
fid,0.0001174947322196,image_folder_1024x1024_normalized_log_transform_193A_40K_with_lev1.5_corrections-CROPPED64,no_cross_scale_mixing-CROPPED64,mae_solar_vitb16
fid,504.06394205471736,image_folder_1024x1024_normalized_log_transform_193A_40K_with_lev1.5_corrections,"discriminator_1,2",mae_solar_vitb16_v2
fid,0.3155272269738315,image_folder_1024x1024_normalized_log_transform_193A_40K_with_lev1.5_corrections,diffusion_500steps_train_250_steps_inference_58Ktraining,random_inception_v3
fid,0.0001402768429902,image_folder_1024x1024_normalized_log_transform_193A_40K_with_lev1.5_corrections-CROPPED64,"discriminator_1,2-CROPPED64",mae_solar_vitb16
fid,221.11404818604404,"image_folder_1024x1024_normalized_log_transform_193A_40K_with_lev1.5_corrections-CROPPED299CS_0.1,1_CR_1,1","randomly_initialized_feature_network_unfrozen-CROPPED299CS_0.1,1_CR_1,1",
fid,4.982839443337661e-05,image_folder_1024x1024_normalized_log_transform_193A_40K_with_lev1.5_corrections-CROPPED64,"discriminator_1,2,3-CROPPED64",mae_solar_vitb16
fid,2.074171736474173e-05,image_folder_1024x1024_normalized_log_transform_193A_40K_with_lev1.5_corrections-CROPPED128,randomly_initialized_feature_network-CROPPED128,mae_solar_vitb16
fid,107.79220100465363,image_folder_1024x1024_normalized_log_transform_193A_40K_with_lev1.5_corrections,"discriminator_1,2",dino_vitb16
precision,0.5980600118637085,image_folder_1024x1024_normalized_log_transform_193A_40K_with_lev1.5_corrections,full_projectedgan,inception_v3
recall,0.8447357416152954,image_folder_1024x1024_normalized_log_transform_193A_40K_with_lev1.5_corrections,full_projectedgan,inception_v3
fid,0.9986264605982214,image_folder_1024x1024_normalized_log_transform_193A_40K_with_lev1.5_corrections,diffusion_4000steps_train_250_steps_inference_58Ktraining,inception_v3_other_block_0
fid,7.237732278980724e-05,image_folder_1024x1024_normalized_log_transform_193A_40K_with_lev1.5_corrections-CROPPED64,efficientnet-lite1-CROPPED64,mae_solar_vitb16
fid,41.624028128918106,image_folder_1024x1024_normalized_log_transform_193A_40K_with_lev1.5_corrections,unfreeze_feature_network+trainable_projections,mae_vitb16
fid,0.0130797338269322,image_folder_1024x1024_normalized_log_transform_193A_40K_with_lev1.5_corrections,efficientnet-lite3,random_inception_v3
fid,4.846862518481276,image_folder_1024x1024_normalized_log_transform_193A_40K_with_lev1.5_corrections,trainable_projections,vicreg_rn50_solar_v2
fid,0.4575914665356172,image_folder_1024x1024_normalized_log_transform_193A_40K_with_lev1.5_corrections,diffusion_2000steps_train_250_steps_inference_58Ktraining,mae_solar_vitb16
fid,0.5268506227780027,image_folder_1024x1024_normalized_log_transform_193A_40K_with_lev1.5_corrections,diffusion_500steps_train_250_steps_inference_58Ktraining,mae_solar_vitb16
fid,0.2949136632142228,image_folder_1024x1024_normalized_log_transform_193A_40K_with_lev1.5_corrections,full_projectedgan,mae_solar_vitb16
fid,17.27871360304319,image_folder_1024x1024_normalized_log_transform_193A_40K_with_lev1.5_corrections,randomly_initialized_feature_network_unfrozen,mae_vitb16
fid,0.0785979390910966,image_folder_1024x1024_normalized_log_transform_193A_40K_with_lev1.5_corrections-CROPPED64,efficientnet-lite3-CROPPED64,mae_vitb16
fid,2.499703018628708,"image_folder_1024x1024_normalized_log_transform_193A_40K_with_lev1.5_corrections-CROPPED299CS_0.1,1_CR_1,1","augmentations_off-CROPPED299CS_0.1,1_CR_1,1",
fid,2.7470841047053107e-05,image_folder_1024x1024_normalized_log_transform_193A_40K_with_lev1.5_corrections-CROPPED128,no_cross_scale_and_no_cross_channel_mixing-CROPPED128,mae_solar_vitb16
fid,0.0001099109945338,image_folder_1024x1024_normalized_log_transform_193A_40K_with_lev1.5_corrections-CROPPED64,full_projectedgan_baseline-CROPPED64,mae_solar_vitb16
fid,0.1928798530782494,image_folder_1024x1024_normalized_log_transform_193A_40K_with_lev1.5_corrections,diffusion_1000steps_train_250_steps_inference_78Ktraining_no_random_flip_dropout0.3,clip_rn50
fid,0.8059325354465976,image_folder_1024x1024_normalized_log_transform_193A_40K_with_lev1.5_corrections-CROPPED64,augmentations_off-CROPPED64,mae_vitb16
fid,11.96269007686614,image_folder_1024x1024_normalized_log_transform_193A_40K_with_lev1.5_corrections,diffusion_250steps_train_250_steps_inference_56Ktraining_no_random_flip,vicreg_rn50_solar_v2
fid,441.4255558859576,image_folder_1024x1024_normalized_log_transform_193A_40K_with_lev1.5_corrections-CROPPED128,unfreeze_feature_network+trainable_projections-CROPPED128,
precision,0.6185262203216553,image_folder_1024x1024_normalized_log_transform_193A_40K_with_lev1.5_corrections,no_cross_scale_and_no_cross_channel_mixing,inception_v3
recall,0.1644430607557296,image_folder_1024x1024_normalized_log_transform_193A_40K_with_lev1.5_corrections,no_cross_scale_and_no_cross_channel_mixing,inception_v3
kid,0.0038811532482482,image_folder_1024x1024_normalized_log_transform_193A_40K_with_lev1.5_corrections,trainable_projections,inception_v3
fid,7.4310997429853956,image_folder_1024x1024_normalized_log_transform_193A_40K_with_lev1.5_corrections,"discriminator_1,2",inception_v3
fid,491.0748669718803,image_folder_1024x1024_normalized_log_transform_193A_40K_with_lev1.5_corrections,trainable_projections,mae_solar_vitb16_v2
fid,7.918254403520791,image_folder_1024x1024_normalized_log_transform_193A_40K_with_lev1.5_corrections-CROPPED128,diffusion_1000steps_train_250_steps_inference_58Ktraining-CROPPED128,
fid,10.042107443797263,image_folder_1024x1024_normalized_log_transform_193A_40K_with_lev1.5_corrections,no_cross_scale_and_no_cross_channel_mixing,vicreg_rn50_inet
fid,1.0688344303331403,image_folder_1024x1024_normalized_log_transform_193A_40K_with_lev1.5_corrections-CROPPED64,"discriminator_1,2,3-CROPPED64",
fid,29.33625712322869,image_folder_1024x1024_normalized_log_transform_193A_40K_with_lev1.5_corrections,diffusion_4000steps_train_250_steps_inference_58Ktraining,vicreg_rn50_inet
fid,154.79402844067386,image_folder_1024x1024_normalized_log_transform_193A_40K_with_lev1.5_corrections,no_cross_scale_mixing,dino_vitb16
fid,196.93224662207868,image_folder_1024x1024_normalized_log_transform_193A_40K_with_lev1.5_corrections,diffusion_500steps_train_250_steps_inference_58Ktraining,inception_v3
fid,128.03105165369402,image_folder_1024x1024_normalized_log_transform_193A_40K_with_lev1.5_corrections-CROPPED128,unfreeze_feature_network-CROPPED128,inception_v3
fid,44.91067411272354,image_folder_1024x1024_normalized_log_transform_193A_40K_with_lev1.5_corrections,diffusion_125steps_train_125_steps_inference_100Ktraining,inception_v3
fid,0.3149550793575787,image_folder_1024x1024_normalized_log_transform_193A_40K_with_lev1.5_corrections,"discriminator_1,2",mae_solar_vitb16
fid,171.56380435566655,image_folder_1024x1024_normalized_log_transform_193A_40K_with_lev1.5_corrections,unfreeze_feature_network,
fid,191.381983027725,image_folder_1024x1024_normalized_log_transform_193A_40K_with_lev1.5_corrections-CROPPED64,randomly_initialized_feature_network_unfrozen-CROPPED64,
fid,0.1141756178485353,image_folder_1024x1024_normalized_log_transform_193A_40K_with_lev1.5_corrections,diffusion_1000steps_train_250_steps_inference_54Ktraining_no_random_flip,clip_rn50
fid,0.0192516999241235,image_folder_1024x1024_normalized_log_transform_193A_40K_with_lev1.5_corrections,"discriminator_1,2,3",random_inception_v3
fid,7.4310997429853956,image_folder_1024x1024_normalized_log_transform_193A_40K_with_lev1.5_corrections,"discriminator_1,2",
fid,10.213037475724676,image_folder_1024x1024_normalized_log_transform_193A_40K_with_lev1.5_corrections,no_cross_scale_mixing,vicreg_rn50_inet
fid,506.6092629087214,image_folder_1024x1024_normalized_log_transform_193A_40K_with_lev1.5_corrections-CROPPED256,unfreeze_feature_network+trainable_projections-CROPPED256,inception_v3
fid,9.581153623527538,image_folder_1024x1024_normalized_log_transform_193A_40K_with_lev1.5_corrections,diffusion_1000steps_train_50_steps_inference_58Ktraining,vicreg_rn50_solar_v2
fid,1.5860167812017778,image_folder_1024x1024_normalized_log_transform_193A_40K_with_lev1.5_corrections-CROPPED128,efficientnet-lite1-CROPPED128,
fid,25.369834724429865,image_folder_1024x1024_normalized_log_transform_193A_40K_with_lev1.5_corrections,diffusion_1000steps_train_250_steps_inference_78Ktraining_no_random_flip_dropout0.3,inception_v3
fid,128.03105165369402,image_folder_1024x1024_normalized_log_transform_193A_40K_with_lev1.5_corrections-CROPPED128,unfreeze_feature_network-CROPPED128,
fid,71.80977111843254,image_folder_1024x1024_normalized_log_transform_193A_40K_with_lev1.5_corrections,augmentations_off,dino_vitb16
fid,0.0322932397636653,image_folder_1024x1024_normalized_log_transform_193A_40K_with_lev1.5_corrections,no_cross_scale_and_no_cross_channel_mixing,random_inception_v3
fid,252.43347274434169,image_folder_1024x1024_normalized_log_transform_193A_40K_with_lev1.5_corrections,randomly_initialized_feature_network_unfrozen,inception_v3
fid,162.7757176698769,image_folder_1024x1024_normalized_log_transform_193A_40K_with_lev1.5_corrections-CROPPED256,unfreeze_feature_network-CROPPED256,inception_v3
fid,21.799823312056105,image_folder_1024x1024_normalized_log_transform_193A_40K_with_lev1.5_corrections-CROPPED64,randomly_initialized_feature_network-CROPPED64,inception_v3
fid,0.004522484353707,image_folder_1024x1024_normalized_log_transform_193A_40K_with_lev1.5_corrections,"discriminator_1,2,3",inception_v3_other_block_0
fid,4.338813439212774e-05,image_folder_1024x1024_normalized_log_transform_193A_40K_with_lev1.5_corrections-CROPPED128,efficientnet-lite3-CROPPED128,mae_solar_vitb16
fid,1421.196760920916,image_folder_1024x1024_normalized_log_transform_193A_40K_with_lev1.5_corrections,unfreeze_feature_network+trainable_projections,mae_solar_vitb16_v2
fid,0.0051443912549278,image_folder_1024x1024_normalized_log_transform_193A_40K_with_lev1.5_corrections,full_projectedgan_baseline,inception_v3_other_block_0
fid,6.807911980569813,image_folder_1024x1024_normalized_log_transform_193A_40K_with_lev1.5_corrections,full_projectedgan_baseline,vicreg_rn50_inet
precision,0.4798590540885925,image_folder_1024x1024_normalized_log_transform_193A_40K_with_lev1.5_corrections,trainable_projections,inception_v3
recall,0.5658031105995178,image_folder_1024x1024_normalized_log_transform_193A_40K_with_lev1.5_corrections,trainable_projections,inception_v3
fid,4.802240135527484,"image_folder_1024x1024_normalized_log_transform_193A_40K_with_lev1.5_corrections-CROPPED299CS_0.1,1_CR_1,1","efficientnet-lite1-CROPPED299CS_0.1,1_CR_1,1",
fid,2.859081615605959,image_folder_1024x1024_normalized_log_transform_193A_40K_with_lev1.5_corrections-CROPPED128,discriminator_1-CROPPED128,inception_v3
fid,44.66451888824783,image_folder_1024x1024_normalized_log_transform_193A_40K_with_lev1.5_corrections-CROPPED64,randomly_initialized_feature_network_unfrozen-CROPPED64,mae_vitb16
fid,5.481174013859,image_folder_1024x1024_normalized_log_transform_193A_40K_with_lev1.5_corrections,"discriminator_1,2,3",vicreg_rn50_solar_v2
fid,0.0223972539255913,image_folder_1024x1024_normalized_log_transform_193A_40K_with_lev1.5_corrections,discriminator_1,random_inception_v3
fid,47.2097103902079,image_folder_1024x1024_normalized_log_transform_193A_40K_with_lev1.5_corrections-CROPPED64,diffusion_1000steps_train_50_steps_inference_58Ktraining-CROPPED64,vicreg_rn50_solar_v2
fid,34.00187447197875,image_folder_1024x1024_normalized_log_transform_193A_40K_with_lev1.5_corrections-CROPPED64,unfreeze_feature_network-CROPPED64,mae_vitb16
fid,861.4484150556427,image_folder_1024x1024_normalized_log_transform_193A_40K_with_lev1.5_corrections-CROPPED64,unfreeze_feature_network-CROPPED64,vicreg_rn50_solar_v2
fid,326.63130623005014,image_folder_1024x1024_normalized_log_transform_193A_40K_with_lev1.5_corrections-CROPPED64,diffusion_125steps_train_125_steps_inference_58Ktraining-CROPPED64,vicreg_rn50_solar_v2
fid,0.0828704522975876,image_folder_1024x1024_normalized_log_transform_193A_40K_with_lev1.5_corrections-CROPPED64,"discriminator_1,2,3-CROPPED64",mae_vitb16
fid,0.1112538226028925,image_folder_1024x1024_normalized_log_transform_193A_40K_with_lev1.5_corrections,diffusion_1000steps_train_250_steps_inference_58Ktraining,clip_rn50
fid,1.7309146285109591,image_folder_1024x1024_normalized_log_transform_193A_40K_with_lev1.5_corrections-CROPPED128,"discriminator_1,2-CROPPED128",mae_solarp128_vitb16
fid,0.0685832004759916,image_folder_1024x1024_normalized_log_transform_193A_40K_with_lev1.5_corrections-CROPPED64,no_cross_scale_mixing-CROPPED64,mae_vitb16
fid,1.1830306903377732,image_folder_1024x1024_normalized_log_transform_193A_40K_with_lev1.5_corrections-CROPPED128,"discriminator_1,2,3-CROPPED128",
fid,7.0261930180571,image_folder_1024x1024_normalized_log_transform_193A_40K_with_lev1.5_corrections,diffusion_500steps_train_250_steps_inference_58Ktraining,mae_vitb16
fid,467.37414701245007,image_folder_1024x1024_normalized_log_transform_193A_40K_with_lev1.5_corrections,augmentations_off,mae_solar_vitb16_v2
fid,1.7185789845051147,image_folder_1024x1024_normalized_log_transform_193A_40K_with_lev1.5_corrections-CROPPED64,efficientnet-lite3-CROPPED64,vicreg_rn50_solar_v2
fid,1.1822891382042826,image_folder_1024x1024_normalized_log_transform_193A_40K_with_lev1.5_corrections-CROPPED64,no_cross_scale_mixing-CROPPED64,
fid,9.608129218192545,image_folder_1024x1024_normalized_log_transform_193A_40K_with_lev1.5_corrections-CROPPED128,diffusion_1000steps_train_250_steps_inference_54Ktraining_no_random_flip-CROPPED128,inception_v3
fid,0.0038376842839681,image_folder_1024x1024_normalized_log_transform_193A_40K_with_lev1.5_corrections,augmentations_off,inception_v3_other_block_0
fid,26.628491246279,image_folder_1024x1024_normalized_log_transform_193A_40K_with_lev1.5_corrections,diffusion_4000steps_train_250_steps_inference_58Ktraining,inception_v3
fid,1.649245308138859,image_folder_1024x1024_normalized_log_transform_193A_40K_with_lev1.5_corrections-CROPPED64,no_cross_scale_and_no_cross_channel_mixing-CROPPED64,
fid,0.0249858616977862,image_folder_1024x1024_normalized_log_transform_193A_40K_with_lev1.5_corrections,"discriminator_1,2",random_inception_v3
fid,5.258620963889625,image_folder_1024x1024_normalized_log_transform_193A_40K_with_lev1.5_corrections,full_projectedgan_baseline,vicreg_rn50_solar_v2
fid,2.256217322323778,image_folder_1024x1024_normalized_log_transform_193A_40K_with_lev1.5_corrections-CROPPED256,"discriminator_1,2-CROPPED256",
fid,3.5470727922782146,image_folder_1024x1024_normalized_log_transform_193A_40K_with_lev1.5_corrections-CROPPED128,augmentations_off-CROPPED128,inception_v3
fid,0.9580927137967024,image_folder_1024x1024_normalized_log_transform_193A_40K_with_lev1.5_corrections-CROPPED256,efficientnet-lite2-CROPPED256,inception_v3
fid,5.412397124402787,image_folder_1024x1024_normalized_log_transform_193A_40K_with_lev1.5_corrections,full_projectedgan_baseline,
fid,36.149085565692985,image_folder_1024x1024_normalized_log_transform_193A_40K_with_lev1.5_corrections-CROPPED128,randomly_initialized_feature_network-CROPPED128,inception_v3
fid,6.155987025809061,image_folder_1024x1024_normalized_log_transform_193A_40K_with_lev1.5_corrections,diffusion_1000steps_train_250_steps_inference_54Ktraining_no_random_flip,vicreg_rn50_solar_v2
fid,25.43853104305751,image_folder_1024x1024_normalized_log_transform_193A_40K_with_lev1.5_corrections,diffusion_250steps_train_50_steps_inference_58Ktraining,inception_v3
fid,1.7402752415035518,image_folder_1024x1024_normalized_log_transform_193A_40K_with_lev1.5_corrections,diffusion_1000steps_train_250_steps_inference_78Ktraining_no_random_flip_dropout0.3,mae_vitb16
fid,0.0173434671206677,image_folder_1024x1024_normalized_log_transform_193A_40K_with_lev1.5_corrections,augmentations_off,random_inception_v3
fid,7.0787519569827,"image_folder_1024x1024_normalized_log_transform_193A_40K_with_lev1.5_corrections-CROPPED299CS_0.1,1_CR_1,1","discriminator_1-CROPPED299CS_0.1,1_CR_1,1",inception_v3
fid,1.36880432889933,image_folder_1024x1024_normalized_log_transform_193A_40K_with_lev1.5_corrections-CROPPED64,"discriminator_1,2-CROPPED64",inception_v3
fid,506.1247984944477,image_folder_1024x1024_normalized_log_transform_193A_40K_with_lev1.5_corrections,discriminator_1,mae_solar_vitb16_v2
fid,1.5084965881297876,image_folder_1024x1024_normalized_log_transform_193A_40K_with_lev1.5_corrections-CROPPED128,no_cross_scale_mixing-CROPPED128,inception_v3
fid,0.9812269279192214,image_folder_1024x1024_normalized_log_transform_193A_40K_with_lev1.5_corrections,diffusion_1000steps_train_250_steps_inference_58Ktraining_small_unet,mae_vitb16
fid,2.3677522994080675,image_folder_1024x1024_normalized_log_transform_193A_40K_with_lev1.5_corrections,full_projectedgan,inception_v3
fid,160.18329400114357,"image_folder_1024x1024_normalized_log_transform_193A_40K_with_lev1.5_corrections-CROPPED299CS_0.1,1_CR_1,1","unfreeze_feature_network-CROPPED299CS_0.1,1_CR_1,1",
fid,0.1683718542031245,image_folder_1024x1024_normalized_log_transform_193A_40K_with_lev1.5_corrections,full_projectedgan_baseline,mae_vitb16
fid,8.330023269328905,image_folder_1024x1024_normalized_log_transform_193A_40K_with_lev1.5_corrections,efficientnet-lite1,vicreg_rn50_inet
fid,7.217481691890811,image_folder_1024x1024_normalized_log_transform_193A_40K_with_lev1.5_corrections,trainable_projections,inception_v3
fid,0.0070320298232094,image_folder_1024x1024_normalized_log_transform_193A_40K_with_lev1.5_corrections-CROPPED256,diffusion_1000steps_train_250_steps_inference_58Ktraining-CROPPED256,mae_solar_vitb16
fid,24.58826043921107,"image_folder_1024x1024_normalized_log_transform_193A_40K_with_lev1.5_corrections-CROPPED299CS_0.1,1_CR_1,1","randomly_initialized_feature_network-CROPPED299CS_0.1,1_CR_1,1",inception_v3
fid,852.7519886383355,image_folder_1024x1024_normalized_log_transform_193A_40K_with_lev1.5_corrections,randomly_initialized_feature_network_unfrozen,mae_solar_vitb16_v2
fid,0.1244020373763399,image_folder_1024x1024_normalized_log_transform_193A_40K_with_lev1.5_corrections,efficientnet-lite3,mae_vitb16
fid,1719.898682073749,image_folder_1024x1024_normalized_log_transform_193A_40K_with_lev1.5_corrections,randomly_initialized_feature_network_unfrozen,vicreg_rn50_solar_v2
fid,0.0108092956095544,image_folder_1024x1024_normalized_log_transform_193A_40K_with_lev1.5_corrections,augmentations_off,clip_rn50
fid,5.033498872950588,image_folder_1024x1024_normalized_log_transform_193A_40K_with_lev1.5_corrections,augmentations_off,vicreg_rn50_inet
fid,0.0263452777286195,image_folder_1024x1024_normalized_log_transform_193A_40K_with_lev1.5_corrections,"discriminator_1,2",clip_rn50
fid,2.631654900402125e-05,image_folder_1024x1024_normalized_log_transform_193A_40K_with_lev1.5_corrections-CROPPED128,augmentations_off-CROPPED128,mae_solar_vitb16
fid,1.623087614489748,image_folder_1024x1024_normalized_log_transform_193A_40K_with_lev1.5_corrections-CROPPED256,augmentations_off-CROPPED256,
fid,187.7969913055396,image_folder_1024x1024_normalized_log_transform_193A_40K_with_lev1.5_corrections-CROPPED256,randomly_initialized_feature_network_unfrozen-CROPPED256,
fid,4.000306227338228,image_folder_1024x1024_normalized_log_transform_193A_40K_with_lev1.5_corrections-CROPPED256,discriminator_1-CROPPED256,inception_v3
fid,0.1409633688852725,image_folder_1024x1024_normalized_log_transform_193A_40K_with_lev1.5_corrections,"discriminator_1,2,3",mae_vitb16
fid,0.0182798830301788,image_folder_1024x1024_normalized_log_transform_193A_40K_with_lev1.5_corrections,full_projectedgan_baseline,random_inception_v3
kid,0.2824707285110109,image_folder_1024x1024_normalized_log_transform_193A_40K_with_lev1.5_corrections,diffusion_500steps_train_250_steps_inference_58Ktraining,inception_v3
fid,6.264206886259299,image_folder_1024x1024_normalized_log_transform_193A_40K_with_lev1.5_corrections,diffusion_1000steps_train_250_steps_inference_58Ktraining_small_unet,vicreg_rn50_solar_v2
fid,160.18329400114357,"image_folder_1024x1024_normalized_log_transform_193A_40K_with_lev1.5_corrections-CROPPED299CS_0.1,1_CR_1,1","unfreeze_feature_network-CROPPED299CS_0.1,1_CR_1,1",inception_v3
fid,32.61011640158921,image_folder_1024x1024_normalized_log_transform_193A_40K_with_lev1.5_corrections-CROPPED64,diffusion_1000steps_train_125_steps_inference_58Ktraining-CROPPED64,vicreg_rn50_solar_v2
fid,170.67629006107472,image_folder_1024x1024_normalized_log_transform_193A_40K_with_lev1.5_corrections,diffusion_2000steps_train_250_steps_inference_58Ktraining,inception_v3
fid,0.2097490909579039,image_folder_1024x1024_normalized_log_transform_193A_40K_with_lev1.5_corrections,diffusion_2000steps_train_250_steps_inference_58Ktraining,random_inception_v3
fid,1.6756193472998575,image_folder_1024x1024_normalized_log_transform_193A_40K_with_lev1.5_corrections-CROPPED128,efficientnet-lite3-CROPPED128,mae_solarp128_vitb16
fid,0.7849174587096859,image_folder_1024x1024_normalized_log_transform_193A_40K_with_lev1.5_corrections,randomly_initialized_feature_network_unfrozen,mae_solar_vitb16
fid,7.75511394583981,image_folder_1024x1024_normalized_log_transform_193A_40K_with_lev1.5_corrections,discriminator_1,vicreg_rn50_solar
fid,187.7969913055396,image_folder_1024x1024_normalized_log_transform_193A_40K_with_lev1.5_corrections-CROPPED256,randomly_initialized_feature_network_unfrozen-CROPPED256,inception_v3
fid,2.399525789809303,"image_folder_1024x1024_normalized_log_transform_193A_40K_with_lev1.5_corrections-CROPPED299CS_0.1,1_CR_1,1","efficientnet-lite3-CROPPED299CS_0.1,1_CR_1,1",inception_v3
fid,2.0763110070967628,image_folder_1024x1024_normalized_log_transform_193A_40K_with_lev1.5_corrections-CROPPED256,efficientnet-lite1-CROPPED256,
fid,0.9472435635212832,image_folder_1024x1024_normalized_log_transform_193A_40K_with_lev1.5_corrections-CROPPED64,full_projectedgan_baseline-CROPPED64,
fid,8.675105442015651,image_folder_1024x1024_normalized_log_transform_193A_40K_with_lev1.5_corrections,diffusion_1000steps_train_1000_steps_inference_58Ktraining,vicreg_rn50_solar_v2
fid,1.1830306903377732,image_folder_1024x1024_normalized_log_transform_193A_40K_with_lev1.5_corrections-CROPPED128,"discriminator_1,2,3-CROPPED128",inception_v3
fid,5.648535487231186,image_folder_1024x1024_normalized_log_transform_193A_40K_with_lev1.5_corrections,"discriminator_1,2",vicreg_rn50_solar_v2
fid,3.109517901520064,"image_folder_1024x1024_normalized_log_transform_193A_40K_with_lev1.5_corrections-CROPPED299CS_0.1,1_CR_1,1","full_projectedgan_baseline-CROPPED299CS_0.1,1_CR_1,1",inception_v3
fid,0.979280481370992,image_folder_1024x1024_normalized_log_transform_193A_40K_with_lev1.5_corrections-CROPPED128,full_projectedgan-CROPPED128,mae_solarp128_vitb16
precision,0.0059444122016429,image_folder_1024x1024_normalized_log_transform_193A_40K_with_lev1.5_corrections,unfreeze_feature_network,inception_v3
recall,5.171165685169399e-05,image_folder_1024x1024_normalized_log_transform_193A_40K_with_lev1.5_corrections,unfreeze_feature_network,inception_v3
fid,0.0215582537340923,image_folder_1024x1024_normalized_log_transform_193A_40K_with_lev1.5_corrections,randomly_initialized_feature_network,inception_v3_other_block_0
fid,4.355692068568819,image_folder_1024x1024_normalized_log_transform_193A_40K_with_lev1.5_corrections,randomly_initialized_feature_network,vicreg_rn50_solar_v2
fid,183.10375422404476,image_folder_1024x1024_normalized_log_transform_193A_40K_with_lev1.5_corrections,diffusion_125steps_train_125_steps_inference_58Ktraining,vicreg_rn50_solar_v2
fid,478.3637901733479,image_folder_1024x1024_normalized_log_transform_193A_40K_with_lev1.5_corrections,"discriminator_1,2,3",mae_solar_vitb16_v2
fid,0.3736155300232214,image_folder_1024x1024_normalized_log_transform_193A_40K_with_lev1.5_corrections,diffusion_4000steps_train_250_steps_inference_58Ktraining,random_inception_v3
fid,0.0843994130285072,image_folder_1024x1024_normalized_log_transform_193A_40K_with_lev1.5_corrections,full_projectedgan,mae_vitb16
fid,1.2769019788204332,image_folder_1024x1024_normalized_log_transform_193A_40K_with_lev1.5_corrections-CROPPED64,efficientnet-lite1-CROPPED64,inception_v3
fid,0.2907185177867153,image_folder_1024x1024_normalized_log_transform_193A_40K_with_lev1.5_corrections,augmentations_off,mae_solar_vitb16
fid,25.114064385997157,image_folder_1024x1024_normalized_log_transform_193A_40K_with_lev1.5_corrections-CROPPED64,diffusion_1000steps_train_250_steps_inference_58Ktraining-CROPPED64,vicreg_rn50_solar_v2
fid,2.4153704419783253,image_folder_1024x1024_normalized_log_transform_193A_40K_with_lev1.5_corrections-CROPPED128,augmentations_off-CROPPED128,mae_solarp128_vitb16
kid,0.0031452502802802,image_folder_1024x1024_normalized_log_transform_193A_40K_with_lev1.5_corrections,"discriminator_1,2",inception_v3
fid,0.0275592068919686,image_folder_1024x1024_normalized_log_transform_193A_40K_with_lev1.5_corrections,no_cross_scale_and_no_cross_channel_mixing,clip_rn50
fid,2.4801322974943307e-05,image_folder_1024x1024_normalized_log_transform_193A_40K_with_lev1.5_corrections-CROPPED128,"discriminator_1,2-CROPPED128",mae_solar_vitb16
kid,0.2995645336511511,image_folder_1024x1024_normalized_log_transform_193A_40K_with_lev1.5_corrections,randomly_initialized_feature_network_unfrozen,inception_v3
fid,1.1822891382042826,image_folder_1024x1024_normalized_log_transform_193A_40K_with_lev1.5_corrections-CROPPED64,no_cross_scale_mixing-CROPPED64,inception_v3
fid,8.991707980403305,image_folder_1024x1024_normalized_log_transform_193A_40K_with_lev1.5_corrections-CROPPED64,diffusion_1000steps_train_250_steps_inference_58Ktraining-CROPPED64,inception_v3
fid,10.399579783267328,image_folder_1024x1024_normalized_log_transform_193A_40K_with_lev1.5_corrections,discriminator_1,vicreg_rn50_inet
fid,0.0131701953804961,image_folder_1024x1024_normalized_log_transform_193A_40K_with_lev1.5_corrections,efficientnet-lite2,random_inception_v3
fid,7.844771820418998,image_folder_1024x1024_normalized_log_transform_193A_40K_with_lev1.5_corrections,"discriminator_1,2,3",vicreg_rn50_inet
fid,0.955178435787616,image_folder_1024x1024_normalized_log_transform_193A_40K_with_lev1.5_corrections-CROPPED64,efficientnet-lite3-CROPPED64,inception_v3
fid,3.675632232725548,image_folder_1024x1024_normalized_log_transform_193A_40K_with_lev1.5_corrections-CROPPED64,augmentations_off-CROPPED64,
fid,38.79314635733687,image_folder_1024x1024_normalized_log_transform_193A_40K_with_lev1.5_corrections,diffusion_250steps_train_250_steps_inference_50Ktraining,inception_v3
fid,0.0107856508996886,image_folder_1024x1024_normalized_log_transform_193A_40K_with_lev1.5_corrections,full_projectedgan,random_inception_v3
fid,4054.107974629146,image_folder_1024x1024_normalized_log_transform_193A_40K_with_lev1.5_corrections,unfreeze_feature_network,dino_vitb16
fid,8.02585477515603,image_folder_1024x1024_normalized_log_transform_193A_40K_with_lev1.5_corrections,diffusion_1000steps_train_250_steps_inference_54Ktraining_no_random_flip,vicreg_rn50_solar
fid,1.5251953772744855,image_folder_1024x1024_normalized_log_transform_193A_40K_with_lev1.5_corrections-CROPPED128,no_cross_scale_and_no_cross_channel_mixing-CROPPED128,inception_v3
fid,3.111044730176859,image_folder_1024x1024_normalized_log_transform_193A_40K_with_lev1.5_corrections,randomly_initialized_feature_network_unfrozen,clip_rn50
fid,1.5193985877904197,image_folder_1024x1024_normalized_log_transform_193A_40K_with_lev1.5_corrections-CROPPED128,"discriminator_1,2,3-CROPPED128",mae_solarp128_vitb16
fid,1.5860167812017778,image_folder_1024x1024_normalized_log_transform_193A_40K_with_lev1.5_corrections-CROPPED128,efficientnet-lite1-CROPPED128,inception_v3
fid,1.9394958422863908,"image_folder_1024x1024_normalized_log_transform_193A_40K_with_lev1.5_corrections-CROPPED299CS_0.1,1_CR_1,1","efficientnet-lite2-CROPPED299CS_0.1,1_CR_1,1",
fid,0.3272747745297222,image_folder_1024x1024_normalized_log_transform_193A_40K_with_lev1.5_corrections,diffusion_1000steps_train_250_steps_inference_58Ktraining,inception_v3_other_block_0
fid,3.036505819169908,image_folder_1024x1024_normalized_log_transform_193A_40K_with_lev1.5_corrections,diffusion_125steps_train_125_steps_inference_58Ktraining,mae_vitb16
fid,58.85386097773355,image_folder_1024x1024_normalized_log_transform_193A_40K_with_lev1.5_corrections-CROPPED64,diffusion_4000steps_train_250_steps_inference_58Ktraining-CROPPED64,vicreg_rn50_solar_v2
fid,15.780454903498024,image_folder_1024x1024_normalized_log_transform_193A_40K_with_lev1.5_corrections,diffusion_1000steps_train_1000_steps_inference_58Ktraining,inception_v3
fid,0.5602393996770023,image_folder_1024x1024_normalized_log_transform_193A_40K_with_lev1.5_corrections,diffusion_125steps_train_125_steps_inference_58Ktraining,clip_rn50
fid,0.0954946100765878,image_folder_1024x1024_normalized_log_transform_193A_40K_with_lev1.5_corrections,augmentations_off,mae_vitb16
fid,169.5136788641072,image_folder_1024x1024_normalized_log_transform_193A_40K_with_lev1.5_corrections,diffusion_2000steps_train_125_steps_inference_58Ktraining,inception_v3
fid,12.432156259369624,image_folder_1024x1024_normalized_log_transform_193A_40K_with_lev1.5_corrections,diffusion_4000steps_train_50_steps_inference_58Ktraining,vicreg_rn50_solar_v2
fid,4.802240135527484,"image_folder_1024x1024_normalized_log_transform_193A_40K_with_lev1.5_corrections-CROPPED299CS_0.1,1_CR_1,1","efficientnet-lite1-CROPPED299CS_0.1,1_CR_1,1",inception_v3
fid,6.762594721478877,image_folder_1024x1024_normalized_log_transform_193A_40K_with_lev1.5_corrections-CROPPED64,diffusion_1000steps_train_250_steps_inference_54Ktraining_no_random_flip-CROPPED64,vicreg_rn50_solar_v2
fid,4.986718852384698,image_folder_1024x1024_normalized_log_transform_193A_40K_with_lev1.5_corrections,full_projectedgan,vicreg_rn50_solar
fid,2.854751983223025,image_folder_1024x1024_normalized_log_transform_193A_40K_with_lev1.5_corrections-CROPPED256,no_cross_scale_and_no_cross_channel_mixing-CROPPED256,
fid,1.7783805044174414,image_folder_1024x1024_normalized_log_transform_193A_40K_with_lev1.5_corrections-CROPPED64,augmentations_off-CROPPED64,vicreg_rn50_solar_v2
fid,495.91584123225687,image_folder_1024x1024_normalized_log_transform_193A_40K_with_lev1.5_corrections-CROPPED128,unfreeze_feature_network+trainable_projections-CROPPED128,mae_solarp128_vitb16
fid,0.1175003502086743,image_folder_1024x1024_normalized_log_transform_193A_40K_with_lev1.5_corrections,diffusion_250steps_train_250_steps_inference_58Ktraining,clip_rn50
fid,20.46067214012685,image_folder_1024x1024_normalized_log_transform_193A_40K_with_lev1.5_corrections,diffusion_1000steps_train_1000_steps_inference_58Ktraining,vicreg_rn50_inet
fid,166.00849970252472,image_folder_1024x1024_normalized_log_transform_193A_40K_with_lev1.5_corrections,diffusion_2000steps_train_50_steps_inference_58Ktraining,inception_v3
fid,0.2976702506538928,image_folder_1024x1024_normalized_log_transform_193A_40K_with_lev1.5_corrections,"discriminator_1,2,3",mae_solar_vitb16
kid,0.088257762927928,image_folder_1024x1024_normalized_log_transform_193A_40K_with_lev1.5_corrections,diffusion_125steps_train_125_steps_inference_58Ktraining,inception_v3
fid,0.0375389776312567,image_folder_1024x1024_normalized_log_transform_193A_40K_with_lev1.5_corrections,discriminator_1,clip_rn50
fid,15.70498878040124,image_folder_1024x1024_normalized_log_transform_193A_40K_with_lev1.5_corrections,diffusion_4000steps_train_250_steps_inference_58Ktraining,vicreg_rn50_solar_v2
fid,8.530204040219552,image_folder_1024x1024_normalized_log_transform_193A_40K_with_lev1.5_corrections,randomly_initialized_feature_network_unfrozen,inception_v3_other_block_0
fid,4.543408808432847e-05,image_folder_1024x1024_normalized_log_transform_193A_40K_with_lev1.5_corrections-CROPPED64,trainable_projections-CROPPED64,mae_solar_vitb16
fid,12.099533689680056,image_folder_1024x1024_normalized_log_transform_193A_40K_with_lev1.5_corrections,diffusion_250steps_train_250_steps_inference_58Ktraining,vicreg_rn50_solar_v2
fid,228.7082807717416,image_folder_1024x1024_normalized_log_transform_193A_40K_with_lev1.5_corrections,diffusion_1000steps_train_250_steps_inference_58Ktraining,dino_vitb16
fid,0.5225167737917926,image_folder_1024x1024_normalized_log_transform_193A_40K_with_lev1.5_corrections,diffusion_1000steps_train_250_steps_inference_54Ktraining_no_random_flip,mae_vitb16
kid,0.4057401782532535,image_folder_1024x1024_normalized_log_transform_193A_40K_with_lev1.5_corrections,unfreeze_feature_network+trainable_projections,inception_v3
fid,16.011316786104032,image_folder_1024x1024_normalized_log_transform_193A_40K_with_lev1.5_corrections-CROPPED128,diffusion_4000steps_train_250_steps_inference_58Ktraining-CROPPED128,inception_v3
fid,2.256217322323778,image_folder_1024x1024_normalized_log_transform_193A_40K_with_lev1.5_corrections-CROPPED256,"discriminator_1,2-CROPPED256",inception_v3
kid,0.0061455692267267,image_folder_1024x1024_normalized_log_transform_193A_40K_with_lev1.5_corrections,discriminator_1,inception_v3
fid,64.77231349608019,image_folder_1024x1024_normalized_log_transform_193A_40K_with_lev1.5_corrections,efficientnet-lite3,dino_vitb16
fid,1.365510068878848,image_folder_1024x1024_normalized_log_transform_193A_40K_with_lev1.5_corrections-CROPPED64,full_projectedgan-CROPPED64,vicreg_rn50_solar_v2
fid,7.918254403520791,image_folder_1024x1024_normalized_log_transform_193A_40K_with_lev1.5_corrections-CROPPED128,diffusion_1000steps_train_250_steps_inference_58Ktraining-CROPPED128,inception_v3
fid,3.2885139214674552,image_folder_1024x1024_normalized_log_transform_193A_40K_with_lev1.5_corrections,full_projectedgan,vicreg_rn50_inet
fid,0.3566591740815524,image_folder_1024x1024_normalized_log_transform_193A_40K_with_lev1.5_corrections,diffusion_1000steps_train_250_steps_inference_78Ktraining_no_random_flip_dropout0.3,mae_solar_vitb16
fid,8.569451949197449e-05,image_folder_1024x1024_normalized_log_transform_193A_40K_with_lev1.5_corrections-CROPPED64,efficientnet-lite3-CROPPED64,mae_solar_vitb16
fid,0.0058565961694518,image_folder_1024x1024_normalized_log_transform_193A_40K_with_lev1.5_corrections,no_cross_scale_mixing,inception_v3_other_block_0
fid,1.5344324637917452,image_folder_1024x1024_normalized_log_transform_193A_40K_with_lev1.5_corrections-CROPPED256,full_projectedgan_baseline-CROPPED256,inception_v3
fid,16.15804005347988,image_folder_1024x1024_normalized_log_transform_193A_40K_with_lev1.5_corrections,diffusion_250steps_train_250_steps_inference_58Ktraining,inception_v3
fid,36.149085565692985,image_folder_1024x1024_normalized_log_transform_193A_40K_with_lev1.5_corrections-CROPPED128,randomly_initialized_feature_network-CROPPED128,
fid,69.51595788698955,image_folder_1024x1024_normalized_log_transform_193A_40K_with_lev1.5_corrections,diffusion_125steps_train_125_steps_inference_58Ktraining,inception_v3
fid,1068.6421116167355,image_folder_1024x1024_normalized_log_transform_193A_40K_with_lev1.5_corrections,randomly_initialized_feature_network_unfrozen,vicreg_rn50_solar
fid,0.9855809198008388,image_folder_1024x1024_normalized_log_transform_193A_40K_with_lev1.5_corrections-CROPPED128,efficientnet-lite3-CROPPED128,inception_v3
fid,1.535419177605462,image_folder_1024x1024_normalized_log_transform_193A_40K_with_lev1.5_corrections-CROPPED64,efficientnet-lite2-CROPPED64,vicreg_rn50_solar_v2
fid,0.9855809198008388,image_folder_1024x1024_normalized_log_transform_193A_40K_with_lev1.5_corrections-CROPPED128,efficientnet-lite3-CROPPED128,
kid,0.0016192666191191,image_folder_1024x1024_normalized_log_transform_193A_40K_with_lev1.5_corrections,augmentations_off,inception_v3
fid,6.452496153803679,image_folder_1024x1024_normalized_log_transform_193A_40K_with_lev1.5_corrections,"discriminator_1,2,3",
fid,10.988240576510664,image_folder_1024x1024_normalized_log_transform_193A_40K_with_lev1.5_corrections,no_cross_scale_and_no_cross_channel_mixing,
fid,8.90286086461023,image_folder_1024x1024_normalized_log_transform_193A_40K_with_lev1.5_corrections,no_cross_scale_and_no_cross_channel_mixing,vicreg_rn50_solar
kid,0.0171671241941941,image_folder_1024x1024_normalized_log_transform_193A_40K_with_lev1.5_corrections,diffusion_1000steps_train_250_steps_inference_78Ktraining_no_random_flip_dropout0.3,inception_v3
fid,1.1184341327134175,image_folder_1024x1024_normalized_log_transform_193A_40K_with_lev1.5_corrections-CROPPED128,full_projectedgan_baseline-CROPPED128,inception_v3
fid,1.4117333030242776,image_folder_1024x1024_normalized_log_transform_193A_40K_with_lev1.5_corrections-CROPPED64,"discriminator_1,2,3-CROPPED64",vicreg_rn50_solar_v2
precision,0.5950800180435181,image_folder_1024x1024_normalized_log_transform_193A_40K_with_lev1.5_corrections,no_cross_scale_mixing,inception_v3
recall,0.1527303755283355,image_folder_1024x1024_normalized_log_transform_193A_40K_with_lev1.5_corrections,no_cross_scale_mixing,inception_v3
fid,0.2987603316873378,image_folder_1024x1024_normalized_log_transform_193A_40K_with_lev1.5_corrections,efficientnet-lite2,mae_solar_vitb16
fid,1.623087614489748,image_folder_1024x1024_normalized_log_transform_193A_40K_with_lev1.5_corrections-CROPPED256,augmentations_off-CROPPED256,inception_v3
kid,0.0164435291516516,image_folder_1024x1024_normalized_log_transform_193A_40K_with_lev1.5_corrections,randomly_initialized_feature_network,inception_v3
fid,0.0056541448124747,image_folder_1024x1024_normalized_log_transform_193A_40K_with_lev1.5_corrections,trainable_projections,inception_v3_other_block_0
fid,0.0002103529572488,image_folder_1024x1024_normalized_log_transform_193A_40K_with_lev1.5_corrections-CROPPED128,trainable_projections-CROPPED128,mae_solar_vitb16
kid,0.0047441727227227,image_folder_1024x1024_normalized_log_transform_193A_40K_with_lev1.5_corrections,no_cross_scale_and_no_cross_channel_mixing,inception_v3
fid,2.598798199191151,image_folder_1024x1024_normalized_log_transform_193A_40K_with_lev1.5_corrections-CROPPED256,trainable_projections-CROPPED256,
fid,0.0766160356079161,image_folder_1024x1024_normalized_log_transform_193A_40K_with_lev1.5_corrections-CROPPED64,full_projectedgan-CROPPED64,mae_vitb16
fid,506.6092629087214,image_folder_1024x1024_normalized_log_transform_193A_40K_with_lev1.5_corrections-CROPPED256,unfreeze_feature_network+trainable_projections-CROPPED256,
fid,0.0748710142942279,image_folder_1024x1024_normalized_log_transform_193A_40K_with_lev1.5_corrections-CROPPED64,"discriminator_1,2-CROPPED64",mae_vitb16
fid,26.736667148773734,image_folder_1024x1024_normalized_log_transform_193A_40K_with_lev1.5_corrections,diffusion_1000steps_train_50_steps_inference_58Ktraining,inception_v3
fid,17.722623748763993,image_folder_1024x1024_normalized_log_transform_193A_40K_with_lev1.5_corrections,randomly_initialized_feature_network,
fid,0.2671523102456347,image_folder_1024x1024_normalized_log_transform_193A_40K_with_lev1.5_corrections,randomly_initialized_feature_network,clip_rn50
fid,0.332721809784294,image_folder_1024x1024_normalized_log_transform_193A_40K_with_lev1.5_corrections,no_cross_scale_mixing,mae_solar_vitb16
precision,0.651124894618988,image_folder_1024x1024_normalized_log_transform_193A_40K_with_lev1.5_corrections,"discriminator_1,2,3",inception_v3
recall,0.2891715764999389,image_folder_1024x1024_normalized_log_transform_193A_40K_with_lev1.5_corrections,"discriminator_1,2,3",inception_v3
fid,2.5508151347357853,image_folder_1024x1024_normalized_log_transform_193A_40K_with_lev1.5_corrections-CROPPED256,no_cross_scale_mixing-CROPPED256,
fid,0.0134318105840112,image_folder_1024x1024_normalized_log_transform_193A_40K_with_lev1.5_corrections,efficientnet-lite2,clip_rn50
fid,10.988240576510664,image_folder_1024x1024_normalized_log_transform_193A_40K_with_lev1.5_corrections,no_cross_scale_and_no_cross_channel_mixing,inception_v3
fid,0.1059429838266936,image_folder_1024x1024_normalized_log_transform_193A_40K_with_lev1.5_corrections-CROPPED64,efficientnet-lite2-CROPPED64,mae_vitb16
fid,50.27538643330576,image_folder_1024x1024_normalized_log_transform_193A_40K_with_lev1.5_corrections-CROPPED64,diffusion_250steps_train_50_steps_inference_58Ktraining-CROPPED64,vicreg_rn50_solar_v2
fid,474.8501267131929,image_folder_1024x1024_normalized_log_transform_193A_40K_with_lev1.5_corrections,diffusion_1000steps_train_250_steps_inference_58Ktraining,mae_solar_vitb16_v2
fid,6.452496153803679,image_folder_1024x1024_normalized_log_transform_193A_40K_with_lev1.5_corrections,"discriminator_1,2,3",inception_v3
fid,55.83802989876921,image_folder_1024x1024_normalized_log_transform_193A_40K_with_lev1.5_corrections-CROPPED256,randomly_initialized_feature_network-CROPPED256,
fid,152.66098949271574,image_folder_1024x1024_normalized_log_transform_193A_40K_with_lev1.5_corrections,diffusion_1000steps_train_250_steps_inference_78Ktraining_no_random_flip_dropout0.3,vicreg_rn50_solar_v2
kid,0.0305012398598598,image_folder_1024x1024_normalized_log_transform_193A_40K_with_lev1.5_corrections,diffusion_4000steps_train_250_steps_inference_58Ktraining,inception_v3
fid,5.517594013817451,image_folder_1024x1024_normalized_log_transform_193A_40K_with_lev1.5_corrections,efficientnet-lite2,vicreg_rn50_solar
fid,0.955178435787616,image_folder_1024x1024_normalized_log_transform_193A_40K_with_lev1.5_corrections-CROPPED64,efficientnet-lite3-CROPPED64,
fid,3.795706613826354,image_folder_1024x1024_normalized_log_transform_193A_40K_with_lev1.5_corrections,efficientnet-lite3,
fid,0.3171244349063787,image_folder_1024x1024_normalized_log_transform_193A_40K_with_lev1.5_corrections,discriminator_1,mae_solar_vitb16
fid,4.696260097722984,"image_folder_1024x1024_normalized_log_transform_193A_40K_with_lev1.5_corrections-CROPPED299CS_0.1,1_CR_1,1","discriminator_1,2-CROPPED299CS_0.1,1_CR_1,1",
fid,9.599026360720842,image_folder_1024x1024_normalized_log_transform_193A_40K_with_lev1.5_corrections,no_cross_scale_mixing,inception_v3
fid,0.5380473598206097,image_folder_1024x1024_normalized_log_transform_193A_40K_with_lev1.5_corrections,diffusion_1000steps_train_250_steps_inference_58Ktraining,mae_vitb16
fid,7.081927352343136,image_folder_1024x1024_normalized_log_transform_193A_40K_with_lev1.5_corrections,"discriminator_1,2",vicreg_rn50_solar
fid,0.5183218065845655,image_folder_1024x1024_normalized_log_transform_193A_40K_with_lev1.5_corrections,diffusion_125steps_train_125_steps_inference_58Ktraining,mae_solar_vitb16
fid,0.2555885509460793,image_folder_1024x1024_normalized_log_transform_193A_40K_with_lev1.5_corrections,diffusion_1000steps_train_250_steps_inference_54Ktraining_no_random_flip,mae_solar_vitb16
kid,0.0155938712437437,image_folder_1024x1024_normalized_log_transform_193A_40K_with_lev1.5_corrections,diffusion_1000steps_train_250_steps_inference_58Ktraining,inception_v3
fid,0.024911314225375,image_folder_1024x1024_normalized_log_transform_193A_40K_with_lev1.5_corrections,efficientnet-lite1,clip_rn50
fid,11.830052637098618,image_folder_1024x1024_normalized_log_transform_193A_40K_with_lev1.5_corrections-CROPPED256,diffusion_1000steps_train_250_steps_inference_58Ktraining-CROPPED256,inception_v3
fid,1.9394958422863908,"image_folder_1024x1024_normalized_log_transform_193A_40K_with_lev1.5_corrections-CROPPED299CS_0.1,1_CR_1,1","efficientnet-lite2-CROPPED299CS_0.1,1_CR_1,1",inception_v3
fid,0.0107415492687474,image_folder_1024x1024_normalized_log_transform_193A_40K_with_lev1.5_corrections-CROPPED64,diffusion_1000steps_train_250_steps_inference_58Ktraining-CROPPED64,mae_solar_vitb16
fid,19.63377237997605,image_folder_1024x1024_normalized_log_transform_193A_40K_with_lev1.5_corrections-CROPPED64,diffusion_1000steps_train_1000_steps_inference_58Ktraining-CROPPED64,vicreg_rn50_solar_v2
fid,0.1114172290556962,image_folder_1024x1024_normalized_log_transform_193A_40K_with_lev1.5_corrections,efficientnet-lite2,mae_vitb16
fid,2.4403253320091483,image_folder_1024x1024_normalized_log_transform_193A_40K_with_lev1.5_corrections,unfreeze_feature_network,clip_rn50
fid,3.020458958068184e-05,image_folder_1024x1024_normalized_log_transform_193A_40K_with_lev1.5_corrections-CROPPED128,"discriminator_1,2,3-CROPPED128",mae_solar_vitb16
fid,0.0229133183588406,image_folder_1024x1024_normalized_log_transform_193A_40K_with_lev1.5_corrections,no_cross_scale_mixing,clip_rn50
fid,1.5344324637917452,image_folder_1024x1024_normalized_log_transform_193A_40K_with_lev1.5_corrections-CROPPED256,full_projectedgan_baseline-CROPPED256,
fid,0.0318914568365611,image_folder_1024x1024_normalized_log_transform_193A_40K_with_lev1.5_corrections,trainable_projections,clip_rn50
fid,15.0624983883372,image_folder_1024x1024_normalized_log_transform_193A_40K_with_lev1.5_corrections,diffusion_2000steps_train_50_steps_inference_58Ktraining,vicreg_rn50_solar_v2
fid,97.09987384337155,image_folder_1024x1024_normalized_log_transform_193A_40K_with_lev1.5_corrections-CROPPED64,diffusion_500steps_train_125_steps_inference_58Ktraining-CROPPED64,vicreg_rn50_solar_v2
fid,0.0081574499722877,image_folder_1024x1024_normalized_log_transform_193A_40K_with_lev1.5_corrections,discriminator_1,inception_v3_other_block_0
fid,15.956832094600973,image_folder_1024x1024_normalized_log_transform_193A_40K_with_lev1.5_corrections,diffusion_2000steps_train_125_steps_inference_58Ktraining,vicreg_rn50_solar_v2
fid,1.0519042872039108,image_folder_1024x1024_normalized_log_transform_193A_40K_with_lev1.5_corrections-CROPPED64,efficientnet-lite2-CROPPED64,
fid,7.870017221231485e-05,image_folder_1024x1024_normalized_log_transform_193A_40K_with_lev1.5_corrections-CROPPED128,discriminator_1-CROPPED128,mae_solar_vitb16
fid,2.499703018628708,"image_folder_1024x1024_normalized_log_transform_193A_40K_with_lev1.5_corrections-CROPPED299CS_0.1,1_CR_1,1","augmentations_off-CROPPED299CS_0.1,1_CR_1,1",inception_v3
fid,1.0250898969683289,image_folder_1024x1024_normalized_log_transform_193A_40K_with_lev1.5_corrections-CROPPED128,randomly_initialized_feature_network_unfrozen-CROPPED128,mae_solar_vitb16
fid,0.02874950765014,image_folder_1024x1024_normalized_log_transform_193A_40K_with_lev1.5_corrections,no_cross_scale_mixing,random_inception_v3
fid,0.0386689901476451,image_folder_1024x1024_normalized_log_transform_193A_40K_with_lev1.5_corrections-CROPPED64,full_projectedgan_baseline-CROPPED64,mae_vitb16
fid,3.6026953914746684,image_folder_1024x1024_normalized_log_transform_193A_40K_with_lev1.5_corrections-CROPPED128,trainable_projections-CROPPED128,mae_solarp128_vitb16
fid,1.789786842728006,image_folder_1024x1024_normalized_log_transform_193A_40K_with_lev1.5_corrections-CROPPED256,"discriminator_1,2,3-CROPPED256",inception_v3
fid,0.0181370817129388,image_folder_1024x1024_normalized_log_transform_193A_40K_with_lev1.5_corrections,efficientnet-lite1,random_inception_v3
fid,0.0151247156881639,image_folder_1024x1024_normalized_log_transform_193A_40K_with_lev1.5_corrections,trainable_projections,random_inception_v3
fid,0.0997265519894143,image_folder_1024x1024_normalized_log_transform_193A_40K_with_lev1.5_corrections,diffusion_1000steps_train_250_steps_inference_58Ktraining_small_unet,random_inception_v3
fid,6.334010900143767,"image_folder_1024x1024_normalized_log_transform_193A_40K_with_lev1.5_corrections-CROPPED299CS_0.1,1_CR_1,1","no_cross_scale_mixing-CROPPED299CS_0.1,1_CR_1,1",inception_v3
fid,4.452156444194401,image_folder_1024x1024_normalized_log_transform_193A_40K_with_lev1.5_corrections,efficientnet-lite2,vicreg_rn50_inet
fid,0.0327605724684546,image_folder_1024x1024_normalized_log_transform_193A_40K_with_lev1.5_corrections,diffusion_1000steps_train_250_steps_inference_54Ktraining_no_random_flip,random_inception_v3
fid,66.36226653473109,image_folder_1024x1024_normalized_log_transform_193A_40K_with_lev1.5_corrections,diffusion_125steps_train_125_steps_inference_58Ktraining,vicreg_rn50_inet
precision,0.5405265092849731,image_folder_1024x1024_normalized_log_transform_193A_40K_with_lev1.5_corrections,"discriminator_1,2",inception_v3
recall,0.3308770358562469,image_folder_1024x1024_normalized_log_transform_193A_40K_with_lev1.5_corrections,"discriminator_1,2",inception_v3
kid,0.0161799102127127,image_folder_1024x1024_normalized_log_transform_193A_40K_with_lev1.5_corrections,diffusion_250steps_train_250_steps_inference_58Ktraining,inception_v3
fid,1.225189740727373,image_folder_1024x1024_normalized_log_transform_193A_40K_with_lev1.5_corrections-CROPPED128,efficientnet-lite2-CROPPED128,mae_solarp128_vitb16
fid,5.986570446075978e-05,image_folder_1024x1024_normalized_log_transform_193A_40K_with_lev1.5_corrections-CROPPED64,full_projectedgan-CROPPED64,mae_solar_vitb16
fid,4.494220610356598,image_folder_1024x1024_normalized_log_transform_193A_40K_with_lev1.5_corrections,efficientnet-lite2,vicreg_rn50_solar_v2
fid,40.762166744719536,image_folder_1024x1024_normalized_log_transform_193A_40K_with_lev1.5_corrections-CROPPED64,diffusion_1000steps_train_250_steps_inference_58Ktraining_small_unet-CROPPED64,vicreg_rn50_solar_v2
fid,4.072817780883128,image_folder_1024x1024_normalized_log_transform_193A_40K_with_lev1.5_corrections,efficientnet-lite2,inception_v3
fid,12.394455770097691,image_folder_1024x1024_normalized_log_transform_193A_40K_with_lev1.5_corrections-CROPPED128,randomly_initialized_feature_network-CROPPED128,mae_solarp128_vitb16
fid,4.883581811870229,image_folder_1024x1024_normalized_log_transform_193A_40K_with_lev1.5_corrections,efficientnet-lite3,vicreg_rn50_inet
fid,4.5862593481321134,image_folder_1024x1024_normalized_log_transform_193A_40K_with_lev1.5_corrections,randomly_initialized_feature_network,vicreg_rn50_solar
fid,565.2687436540022,image_folder_1024x1024_normalized_log_transform_193A_40K_with_lev1.5_corrections,randomly_initialized_feature_network_unfrozen,vicreg_rn50_inet
fid,6.443242725832949,image_folder_1024x1024_normalized_log_transform_193A_40K_with_lev1.5_corrections,no_cross_scale_mixing,vicreg_rn50_solar_v2
fid,0.900489400099957,image_folder_1024x1024_normalized_log_transform_193A_40K_with_lev1.5_corrections-CROPPED128,efficientnet-lite2-CROPPED128,inception_v3
fid,5.591259765567681,image_folder_1024x1024_normalized_log_transform_193A_40K_with_lev1.5_corrections,augmentations_off,vicreg_rn50_solar
fid,5.050684991141509,image_folder_1024x1024_normalized_log_transform_193A_40K_with_lev1.5_corrections-CROPPED64,randomly_initialized_feature_network-CROPPED64,vicreg_rn50_solar_v2
fid,252.43347274434169,image_folder_1024x1024_normalized_log_transform_193A_40K_with_lev1.5_corrections,randomly_initialized_feature_network_unfrozen,
fid,1.36880432889933,image_folder_1024x1024_normalized_log_transform_193A_40K_with_lev1.5_corrections-CROPPED64,"discriminator_1,2-CROPPED64",
fid,16.33307032363211,image_folder_1024x1024_normalized_log_transform_193A_40K_with_lev1.5_corrections,diffusion_2000steps_train_250_steps_inference_58Ktraining,vicreg_rn50_solar_v2
fid,1.0688344303331403,image_folder_1024x1024_normalized_log_transform_193A_40K_with_lev1.5_corrections-CROPPED64,"discriminator_1,2,3-CROPPED64",inception_v3
fid,0.9791771256645728,image_folder_1024x1024_normalized_log_transform_193A_40K_with_lev1.5_corrections,diffusion_4000steps_train_250_steps_inference_58Ktraining,mae_vitb16
fid,33.79205206564527,image_folder_1024x1024_normalized_log_transform_193A_40K_with_lev1.5_corrections,unfreeze_feature_network+trainable_projections,inception_v3_other_block_0
fid,134.92375405840005,image_folder_1024x1024_normalized_log_transform_193A_40K_with_lev1.5_corrections-CROPPED64,unfreeze_feature_network-CROPPED64,
fid,7255.323618508783,image_folder_1024x1024_normalized_log_transform_193A_40K_with_lev1.5_corrections,unfreeze_feature_network+trainable_projections,dino_vitb16
fid,221.72994537123657,image_folder_1024x1024_normalized_log_transform_193A_40K_with_lev1.5_corrections,diffusion_500steps_train_250_steps_inference_58Ktraining,vicreg_rn50_inet
fid,10.204960154843349,image_folder_1024x1024_normalized_log_transform_193A_40K_with_lev1.5_corrections,diffusion_250steps_train_50_steps_inference_58Ktraining,vicreg_rn50_solar_v2
fid,12.100503789740578,image_folder_1024x1024_normalized_log_transform_193A_40K_with_lev1.5_corrections,diffusion_1000steps_train_250_steps_inference_58Ktraining,vicreg_rn50_solar
fid,237.71910716570187,image_folder_1024x1024_normalized_log_transform_193A_40K_with_lev1.5_corrections,diffusion_2000steps_train_250_steps_inference_58Ktraining,vicreg_rn50_inet
fid,0.206039584835924,image_folder_1024x1024_normalized_log_transform_193A_40K_with_lev1.5_corrections,diffusion_1000steps_train_250_steps_inference_58Ktraining_small_unet,clip_rn50
fid,19.88680115031059,image_folder_1024x1024_normalized_log_transform_193A_40K_with_lev1.5_corrections-CROPPED256,diffusion_4000steps_train_250_steps_inference_58Ktraining-CROPPED256,inception_v3
fid,0.1853354724882554,image_folder_1024x1024_normalized_log_transform_193A_40K_with_lev1.5_corrections,efficientnet-lite1,mae_vitb16
fid,24.29236332159752,image_folder_1024x1024_normalized_log_transform_193A_40K_with_lev1.5_corrections-CROPPED64,diffusion_2000steps_train_250_steps_inference_58Ktraining-CROPPED64,vicreg_rn50_solar_v2
fid,0.0074712603615436,image_folder_1024x1024_normalized_log_transform_193A_40K_with_lev1.5_corrections,"discriminator_1,2",inception_v3_other_block_0
fid,16.23891295606276,image_folder_1024x1024_normalized_log_transform_193A_40K_with_lev1.5_corrections,diffusion_250steps_train_250_steps_inference_58Ktraining,vicreg_rn50_solar
precision,0.4301081597805023,image_folder_1024x1024_normalized_log_transform_193A_40K_with_lev1.5_corrections,diffusion_1000steps_train_250_steps_inference_58Ktraining,inception_v3
recall,0.6323042511940002,image_folder_1024x1024_normalized_log_transform_193A_40K_with_lev1.5_corrections,diffusion_1000steps_train_250_steps_inference_58Ktraining,inception_v3
fid,2.544694868436636,image_folder_1024x1024_normalized_log_transform_193A_40K_with_lev1.5_corrections-CROPPED64,discriminator_1-CROPPED64,inception_v3
fid,145.07042910928865,image_folder_1024x1024_normalized_log_transform_193A_40K_with_lev1.5_corrections,no_cross_scale_and_no_cross_channel_mixing,dino_vitb16
fid,1.0344682168120514,image_folder_1024x1024_normalized_log_transform_193A_40K_with_lev1.5_corrections-CROPPED64,randomly_initialized_feature_network-CROPPED64,mae_vitb16
fid,11.417614655232114,image_folder_1024x1024_normalized_log_transform_193A_40K_with_lev1.5_corrections,unfreeze_feature_network,mae_vitb16
kid,0.0024968612312312,image_folder_1024x1024_normalized_log_transform_193A_40K_with_lev1.5_corrections,"discriminator_1,2,3",inception_v3
fid,12.395885509872071,"image_folder_1024x1024_normalized_log_transform_193A_40K_with_lev1.5_corrections-CROPPED299CS_0.1,1_CR_1,1","diffusion_1000steps_train_250_steps_inference_58Ktraining-CROPPED299CS_0.1,1_CR_1,1",inception_v3
precision,0.0,image_folder_1024x1024_normalized_log_transform_193A_40K_with_lev1.5_corrections,unfreeze_feature_network+trainable_projections,inception_v3
recall,0.0,image_folder_1024x1024_normalized_log_transform_193A_40K_with_lev1.5_corrections,unfreeze_feature_network+trainable_projections,inception_v3
kid,0.199234175508008,image_folder_1024x1024_normalized_log_transform_193A_40K_with_lev1.5_corrections,unfreeze_feature_network,inception_v3
fid,2.5508151347357853,image_folder_1024x1024_normalized_log_transform_193A_40K_with_lev1.5_corrections-CROPPED256,no_cross_scale_mixing-CROPPED256,inception_v3
fid,1.2769019788204332,image_folder_1024x1024_normalized_log_transform_193A_40K_with_lev1.5_corrections-CROPPED64,efficientnet-lite1-CROPPED64,
fid,81.24720067640055,image_folder_1024x1024_normalized_log_transform_193A_40K_with_lev1.5_corrections,full_projectedgan_baseline,dino_vitb16
fid,1.7299709035960973,image_folder_1024x1024_normalized_log_transform_193A_40K_with_lev1.5_corrections-CROPPED128,"discriminator_1,2-CROPPED128",
fid,20.318248048366517,image_folder_1024x1024_normalized_log_transform_193A_40K_with_lev1.5_corrections-CROPPED256,diffusion_1000steps_train_250_steps_inference_54Ktraining_no_random_flip-CROPPED256,inception_v3
fid,0.1871133315320676,image_folder_1024x1024_normalized_log_transform_193A_40K_with_lev1.5_corrections-CROPPED64,trainable_projections-CROPPED64,mae_vitb16
fid,60.94205835612928,image_folder_1024x1024_normalized_log_transform_193A_40K_with_lev1.5_corrections-CROPPED64,unfreeze_feature_network+trainable_projections-CROPPED64,mae_vitb16
fid,41.834264095866615,image_folder_1024x1024_normalized_log_transform_193A_40K_with_lev1.5_corrections-CROPPED64,diffusion_250steps_train_125_steps_inference_58Ktraining-CROPPED64,vicreg_rn50_solar_v2
fid,514.0758273043924,image_folder_1024x1024_normalized_log_transform_193A_40K_with_lev1.5_corrections-CROPPED128,randomly_initialized_feature_network_unfrozen-CROPPED128,mae_solarp128_vitb16
fid,2.5328038452494184,image_folder_1024x1024_normalized_log_transform_193A_40K_with_lev1.5_corrections-CROPPED128,no_cross_scale_and_no_cross_channel_mixing-CROPPED128,mae_solarp128_vitb16
fid,0.2705988561999661,image_folder_1024x1024_normalized_log_transform_193A_40K_with_lev1.5_corrections,discriminator_1,mae_vitb16
fid,475.0508684275649,image_folder_1024x1024_normalized_log_transform_193A_40K_with_lev1.5_corrections,efficientnet-lite3,mae_solar_vitb16_v2
fid,9.599026360720842,image_folder_1024x1024_normalized_log_transform_193A_40K_with_lev1.5_corrections,no_cross_scale_mixing,
fid,11.830052637098618,image_folder_1024x1024_normalized_log_transform_193A_40K_with_lev1.5_corrections-CROPPED256,diffusion_1000steps_train_250_steps_inference_58Ktraining-CROPPED256,
fid,523.9451652442158,image_folder_1024x1024_normalized_log_transform_193A_40K_with_lev1.5_corrections-CROPPED299,unfreeze_feature_network+trainable_projections-CROPPED299,
fid,2.373209558740257,image_folder_1024x1024_normalized_log_transform_193A_40K_with_lev1.5_corrections-CROPPED64,trainable_projections-CROPPED64,
fid,16.28128824869424,image_folder_1024x1024_normalized_log_transform_193A_40K_with_lev1.5_corrections,diffusion_250steps_train_125_steps_inference_58Ktraining,inception_v3
fid,4.632711459630929,image_folder_1024x1024_normalized_log_transform_193A_40K_with_lev1.5_corrections,diffusion_2000steps_train_250_steps_inference_58Ktraining,mae_vitb16
fid,328.0357105746873,image_folder_1024x1024_normalized_log_transform_193A_40K_with_lev1.5_corrections,unfreeze_feature_network+trainable_projections,
fid,0.1379647237277268,image_folder_1024x1024_normalized_log_transform_193A_40K_with_lev1.5_corrections-CROPPED64,discriminator_1-CROPPED64,mae_vitb16
fid,1.0097641512387554,image_folder_1024x1024_normalized_log_transform_193A_40K_with_lev1.5_corrections-CROPPED64,full_projectedgan-CROPPED64,inception_v3
fid,0.018655491038683,image_folder_1024x1024_normalized_log_transform_193A_40K_with_lev1.5_corrections,full_projectedgan_baseline,clip_rn50
fid,414.96768147281387,image_folder_1024x1024_normalized_log_transform_193A_40K_with_lev1.5_corrections-CROPPED64,unfreeze_feature_network+trainable_projections-CROPPED64,inception_v3
fid,2.598798199191151,image_folder_1024x1024_normalized_log_transform_193A_40K_with_lev1.5_corrections-CROPPED256,trainable_projections-CROPPED256,inception_v3
fid,4.469391683708267,"image_folder_1024x1024_normalized_log_transform_193A_40K_with_lev1.5_corrections-CROPPED299CS_0.1,1_CR_1,1","trainable_projections-CROPPED299CS_0.1,1_CR_1,1",
fid,0.1406303748681779,image_folder_1024x1024_normalized_log_transform_193A_40K_with_lev1.5_corrections,diffusion_1000steps_train_250_steps_inference_58Ktraining,random_inception_v3
fid,0.0065970125984195,image_folder_1024x1024_normalized_log_transform_193A_40K_with_lev1.5_corrections-CROPPED128,diffusion_1000steps_train_250_steps_inference_58Ktraining-CROPPED128,mae_solar_vitb16
fid,55.41969865351348,image_folder_1024x1024_normalized_log_transform_193A_40K_with_lev1.5_corrections,efficientnet-lite2,dino_vitb16
fid,555.8113049402676,image_folder_1024x1024_normalized_log_transform_193A_40K_with_lev1.5_corrections,unfreeze_feature_network+trainable_projections,vicreg_rn50_inet
fid,15.271663028622784,image_folder_1024x1024_normalized_log_transform_193A_40K_with_lev1.5_corrections,diffusion_1000steps_train_250_steps_inference_58Ktraining,
fid,7.0787519569827,"image_folder_1024x1024_normalized_log_transform_193A_40K_with_lev1.5_corrections-CROPPED299CS_0.1,1_CR_1,1","discriminator_1-CROPPED299CS_0.1,1_CR_1,1",
kid,0.0007437523098098,image_folder_1024x1024_normalized_log_transform_193A_40K_with_lev1.5_corrections,full_projectedgan,inception_v3
fid,38.36504519206196,image_folder_1024x1024_normalized_log_transform_193A_40K_with_lev1.5_corrections,diffusion_1000steps_train_250_steps_inference_58Ktraining_small_unet,vicreg_rn50_inet
fid,6.009630040329398,image_folder_1024x1024_normalized_log_transform_193A_40K_with_lev1.5_corrections-CROPPED64,diffusion_1000steps_train_250_steps_inference_54Ktraining_no_random_flip-CROPPED64,inception_v3
fid,134.92375405840005,image_folder_1024x1024_normalized_log_transform_193A_40K_with_lev1.5_corrections-CROPPED64,unfreeze_feature_network-CROPPED64,inception_v3
fid,4.072817780883128,image_folder_1024x1024_normalized_log_transform_193A_40K_with_lev1.5_corrections,efficientnet-lite2,
fid,4.203711818718453,image_folder_1024x1024_normalized_log_transform_193A_40K_with_lev1.5_corrections,full_projectedgan,vicreg_rn50_solar_v2
fid,0.6604008299707523,image_folder_1024x1024_normalized_log_transform_193A_40K_with_lev1.5_corrections,unfreeze_feature_network,mae_solar_vitb16
fid,2.859081615605959,image_folder_1024x1024_normalized_log_transform_193A_40K_with_lev1.5_corrections-CROPPED128,discriminator_1-CROPPED128,
fid,414.96768147281387,image_folder_1024x1024_normalized_log_transform_193A_40K_with_lev1.5_corrections-CROPPED64,unfreeze_feature_network+trainable_projections-CROPPED64,
fid,1.0519042872039108,image_folder_1024x1024_normalized_log_transform_193A_40K_with_lev1.5_corrections-CROPPED64,efficientnet-lite2-CROPPED64,inception_v3
fid,17.722623748763993,image_folder_1024x1024_normalized_log_transform_193A_40K_with_lev1.5_corrections,randomly_initialized_feature_network,inception_v3
fid,0.0001040233717951,image_folder_1024x1024_normalized_log_transform_193A_40K_with_lev1.5_corrections-CROPPED64,no_cross_scale_and_no_cross_channel_mixing-CROPPED64,mae_solar_vitb16
fid,4887.5313910823925,image_folder_1024x1024_normalized_log_transform_193A_40K_with_lev1.5_corrections,randomly_initialized_feature_network_unfrozen,dino_vitb16
fid,97.4609684410913,image_folder_1024x1024_normalized_log_transform_193A_40K_with_lev1.5_corrections-CROPPED64,diffusion_500steps_train_50_steps_inference_58Ktraining-CROPPED64,vicreg_rn50_solar_v2
fid,0.2028869067826437,image_folder_1024x1024_normalized_log_transform_193A_40K_with_lev1.5_corrections,"discriminator_1,2",mae_vitb16
fid,0.0036949737664828,image_folder_1024x1024_normalized_log_transform_193A_40K_with_lev1.5_corrections,efficientnet-lite3,inception_v3_other_block_0
fid,2.0746448154002065e-05,image_folder_1024x1024_normalized_log_transform_193A_40K_with_lev1.5_corrections-CROPPED128,full_projectedgan-CROPPED128,mae_solar_vitb16
fid,4.000306227338228,image_folder_1024x1024_normalized_log_transform_193A_40K_with_lev1.5_corrections-CROPPED256,discriminator_1-CROPPED256,
fid,32.434472669748715,image_folder_1024x1024_normalized_log_transform_193A_40K_with_lev1.5_corrections,diffusion_250steps_train_250_steps_inference_56Ktraining_no_random_flip,vicreg_rn50_inet
fid,0.0085846369852622,image_folder_1024x1024_normalized_log_transform_193A_40K_with_lev1.5_corrections,efficientnet-lite1,inception_v3_other_block_0
fid,1.2447245677216188,image_folder_1024x1024_normalized_log_transform_193A_40K_with_lev1.5_corrections-CROPPED256,efficientnet-lite3-CROPPED256,inception_v3
fid,428.3412875229463,image_folder_1024x1024_normalized_log_transform_193A_40K_with_lev1.5_corrections,diffusion_1000steps_train_250_steps_inference_54Ktraining_no_random_flip,mae_solar_vitb16_v2
fid,9.341346501942605,image_folder_1024x1024_normalized_log_transform_193A_40K_with_lev1.5_corrections,diffusion_1000steps_train_250_steps_inference_58Ktraining,vicreg_rn50_solar_v2
fid,27.96542966328414,image_folder_1024x1024_normalized_log_transform_193A_40K_with_lev1.5_corrections,diffusion_4000steps_train_125_steps_inference_58Ktraining,inception_v3
fid,0.9472435635212832,image_folder_1024x1024_normalized_log_transform_193A_40K_with_lev1.5_corrections-CROPPED64,full_projectedgan_baseline-CROPPED64,inception_v3
fid,0.2716053527216449,image_folder_1024x1024_normalized_log_transform_193A_40K_with_lev1.5_corrections,randomly_initialized_feature_network,mae_vitb16
fid,0.3071644449191804,image_folder_1024x1024_normalized_log_transform_193A_40K_with_lev1.5_corrections,trainable_projections,mae_solar_vitb16
fid,0.160856476813376,image_folder_1024x1024_normalized_log_transform_193A_40K_with_lev1.5_corrections,trainable_projections,mae_vitb16
fid,109.17915432911832,image_folder_1024x1024_normalized_log_transform_193A_40K_with_lev1.5_corrections,trainable_projections,dino_vitb16
fid,191.381983027725,image_folder_1024x1024_normalized_log_transform_193A_40K_with_lev1.5_corrections-CROPPED64,randomly_initialized_feature_network_unfrozen-CROPPED64,inception_v3
fid,0.2892379120549022,image_folder_1024x1024_normalized_log_transform_193A_40K_with_lev1.5_corrections,diffusion_1000steps_train_1000_steps_inference_58Ktraining,mae_solar_vitb16
fid,0.2181836202175684,image_folder_1024x1024_normalized_log_transform_193A_40K_with_lev1.5_corrections,diffusion_250steps_train_250_steps_inference_58Ktraining,random_inception_v3
fid,8.424189614999008,image_folder_1024x1024_normalized_log_transform_193A_40K_with_lev1.5_corrections,trainable_projections,vicreg_rn50_inet
precision,0.1461626142263412,image_folder_1024x1024_normalized_log_transform_193A_40K_with_lev1.5_corrections,randomly_initialized_feature_network,inception_v3
recall,0.5741544961929321,image_folder_1024x1024_normalized_log_transform_193A_40K_with_lev1.5_corrections,randomly_initialized_feature_network,inception_v3
fid,2.0763110070967628,image_folder_1024x1024_normalized_log_transform_193A_40K_with_lev1.5_corrections-CROPPED256,efficientnet-lite1-CROPPED256,inception_v3
fid,0.0204181487220097,image_folder_1024x1024_normalized_log_transform_193A_40K_with_lev1.5_corrections,efficientnet-lite3,clip_rn50
fid,137.3799561743815,image_folder_1024x1024_normalized_log_transform_193A_40K_with_lev1.5_corrections,discriminator_1,dino_vitb16
fid,0.8595877888050572,image_folder_1024x1024_normalized_log_transform_193A_40K_with_lev1.5_corrections,diffusion_250steps_train_250_steps_inference_56Ktraining_no_random_flip,mae_vitb16
fid,2.854751983223025,image_folder_1024x1024_normalized_log_transform_193A_40K_with_lev1.5_corrections-CROPPED256,no_cross_scale_and_no_cross_channel_mixing-CROPPED256,inception_v3
fid,477.9754047869078,image_folder_1024x1024_normalized_log_transform_193A_40K_with_lev1.5_corrections,full_projectedgan_baseline,mae_solar_vitb16_v2
fid,1427.985832082908,image_folder_1024x1024_normalized_log_transform_193A_40K_with_lev1.5_corrections-CROPPED64,randomly_initialized_feature_network_unfrozen-CROPPED64,vicreg_rn50_solar_v2
fid,1.935484028114544,image_folder_1024x1024_normalized_log_transform_193A_40K_with_lev1.5_corrections-CROPPED128,efficientnet-lite1-CROPPED128,mae_solarp128_vitb16
fid,0.971617234079531,image_folder_1024x1024_normalized_log_transform_193A_40K_with_lev1.5_corrections-CROPPED256,full_projectedgan-CROPPED256,inception_v3
fid,2.817926261873282,image_folder_1024x1024_normalized_log_transform_193A_40K_with_lev1.5_corrections-CROPPED64,trainable_projections-CROPPED64,vicreg_rn50_solar_v2
fid,230.2377660028695,image_folder_1024x1024_normalized_log_transform_193A_40K_with_lev1.5_corrections,unfreeze_feature_network+trainable_projections,vicreg_rn50_solar_v2
fid,0.2987164893290305,image_folder_1024x1024_normalized_log_transform_193A_40K_with_lev1.5_corrections,efficientnet-lite3,mae_solar_vitb16
fid,7.424706355949894,image_folder_1024x1024_normalized_log_transform_193A_40K_with_lev1.5_corrections,efficientnet-lite1,
fid,26.25094628398506,image_folder_1024x1024_normalized_log_transform_193A_40K_with_lev1.5_corrections-CROPPED64,diffusion_2000steps_train_50_steps_inference_58Ktraining-CROPPED64,vicreg_rn50_solar_v2
fid,3.241348242816189e-05,image_folder_1024x1024_normalized_log_transform_193A_40K_with_lev1.5_corrections-CROPPED128,no_cross_scale_mixing-CROPPED128,mae_solar_vitb16
fid,12.395885509872071,"image_folder_1024x1024_normalized_log_transform_193A_40K_with_lev1.5_corrections-CROPPED299CS_0.1,1_CR_1,1","diffusion_1000steps_train_250_steps_inference_58Ktraining-CROPPED299CS_0.1,1_CR_1,1",
fid,6.569255563012179,image_folder_1024x1024_normalized_log_transform_193A_40K_with_lev1.5_corrections,no_cross_scale_and_no_cross_channel_mixing,vicreg_rn50_solar_v2
fid,1.850121867227415,image_folder_1024x1024_normalized_log_transform_193A_40K_with_lev1.5_corrections-CROPPED64,no_cross_scale_and_no_cross_channel_mixing-CROPPED64,vicreg_rn50_solar_v2
fid,0.797213239967476,image_folder_1024x1024_normalized_log_transform_193A_40K_with_lev1.5_corrections-CROPPED64,unfreeze_feature_network-CROPPED64,mae_solar_vitb16
fid,7.221133584516904,image_folder_1024x1024_normalized_log_transform_193A_40K_with_lev1.5_corrections,unfreeze_feature_network+trainable_projections,random_inception_v3
fid,0.217324412123355,image_folder_1024x1024_normalized_log_transform_193A_40K_with_lev1.5_corrections,no_cross_scale_and_no_cross_channel_mixing,mae_vitb16
fid,3.539269861572991e-05,image_folder_1024x1024_normalized_log_transform_193A_40K_with_lev1.5_corrections-CROPPED128,efficientnet-lite1-CROPPED128,mae_solar_vitb16
fid,517.464665930632,image_folder_1024x1024_normalized_log_transform_193A_40K_with_lev1.5_corrections,no_cross_scale_mixing,mae_solar_vitb16_v2
fid,13.34402916899552,image_folder_1024x1024_normalized_log_transform_193A_40K_with_lev1.5_corrections-CROPPED299,diffusion_1000steps_train_250_steps_inference_58Ktraining-CROPPED299,inception_v3
fid,2.544694868436636,image_folder_1024x1024_normalized_log_transform_193A_40K_with_lev1.5_corrections-CROPPED64,discriminator_1-CROPPED64,
kid,0.0028949807807807,image_folder_1024x1024_normalized_log_transform_193A_40K_with_lev1.5_corrections,no_cross_scale_mixing,inception_v3
fid,1.5114935502849391,image_folder_1024x1024_normalized_log_transform_193A_40K_with_lev1.5_corrections-CROPPED128,full_projectedgan_baseline-CROPPED128,mae_solarp128_vitb16
fid,1.5084965881297876,image_folder_1024x1024_normalized_log_transform_193A_40K_with_lev1.5_corrections-CROPPED128,no_cross_scale_mixing-CROPPED128,
fid,365.7545401253631,image_folder_1024x1024_normalized_log_transform_193A_40K_with_lev1.5_corrections,unfreeze_feature_network,vicreg_rn50_inet
fid,349.246411151576,image_folder_1024x1024_normalized_log_transform_193A_40K_with_lev1.5_corrections-CROPPED128,unfreeze_feature_network-CROPPED128,mae_solarp128_vitb16
fid,1.5361046766539062,image_folder_1024x1024_normalized_log_transform_193A_40K_with_lev1.5_corrections-CROPPED64,no_cross_scale_mixing-CROPPED64,vicreg_rn50_solar_v2
fid,26.42601940035135,image_folder_1024x1024_normalized_log_transform_193A_40K_with_lev1.5_corrections-CROPPED64,diffusion_2000steps_train_125_steps_inference_58Ktraining-CROPPED64,vicreg_rn50_solar_v2
fid,0.320905397962861,image_folder_1024x1024_normalized_log_transform_193A_40K_with_lev1.5_corrections,no_cross_scale_and_no_cross_channel_mixing,mae_solar_vitb16
fid,466.7364350844073,image_folder_1024x1024_normalized_log_transform_193A_40K_with_lev1.5_corrections,randomly_initialized_feature_network,mae_solar_vitb16_v2
kid,0.0009939666116116,image_folder_1024x1024_normalized_log_transform_193A_40K_with_lev1.5_corrections,efficientnet-lite2,inception_v3
kid,0.0355462145995995,image_folder_1024x1024_normalized_log_transform_193A_40K_with_lev1.5_corrections,diffusion_1000steps_train_250_steps_inference_54Ktraining_no_random_flip,inception_v3
fid,2.0749396458362668,image_folder_1024x1024_normalized_log_transform_193A_40K_with_lev1.5_corrections-CROPPED128,no_cross_scale_mixing-CROPPED128,mae_solarp128_vitb16
fid,4.193335234469174,image_folder_1024x1024_normalized_log_transform_193A_40K_with_lev1.5_corrections,augmentations_off,inception_v3
precision,0.5757173299789429,image_folder_1024x1024_normalized_log_transform_193A_40K_with_lev1.5_corrections,efficientnet-lite2,inception_v3
recall,0.7482417821884155,image_folder_1024x1024_normalized_log_transform_193A_40K_with_lev1.5_corrections,efficientnet-lite2,inception_v3
fid,18.86808692608824,image_folder_1024x1024_normalized_log_transform_193A_40K_with_lev1.5_corrections,diffusion_250steps_train_250_steps_inference_58Ktraining,vicreg_rn50_inet
fid,1.1184341327134175,image_folder_1024x1024_normalized_log_transform_193A_40K_with_lev1.5_corrections-CROPPED128,full_projectedgan_baseline-CROPPED128,
fid,0.163337201082513,image_folder_1024x1024_normalized_log_transform_193A_40K_with_lev1.5_corrections,diffusion_4000steps_train_250_steps_inference_58Ktraining,clip_rn50
fid,2.145252911133156,image_folder_1024x1024_normalized_log_transform_193A_40K_with_lev1.5_corrections-CROPPED128,trainable_projections-CROPPED128,inception_v3
fid,497.554068711085,image_folder_1024x1024_normalized_log_transform_193A_40K_with_lev1.5_corrections,diffusion_250steps_train_250_steps_inference_56Ktraining_no_random_flip,mae_solar_vitb16_v2
fid,1.5894006340679865,image_folder_1024x1024_normalized_log_transform_193A_40K_with_lev1.5_corrections,diffusion_2000steps_train_250_steps_inference_58Ktraining,clip_rn50
fid,1.649245308138859,image_folder_1024x1024_normalized_log_transform_193A_40K_with_lev1.5_corrections-CROPPED64,no_cross_scale_and_no_cross_channel_mixing-CROPPED64,inception_v3
fid,1.4787732039874868,image_folder_1024x1024_normalized_log_transform_193A_40K_with_lev1.5_corrections-CROPPED64,diffusion_1000steps_train_250_steps_inference_58Ktraining-CROPPED64,mae_vitb16
fid,340.7180017914702,image_folder_1024x1024_normalized_log_transform_193A_40K_with_lev1.5_corrections-CROPPED64,unfreeze_feature_network+trainable_projections-CROPPED64,vicreg_rn50_solar_v2
fid,1.8917085351259288,image_folder_1024x1024_normalized_log_transform_193A_40K_with_lev1.5_corrections-CROPPED64,"discriminator_1,2-CROPPED64",vicreg_rn50_solar_v2
fid,0.296085865205281,image_folder_1024x1024_normalized_log_transform_193A_40K_with_lev1.5_corrections,full_projectedgan_baseline,mae_solar_vitb16
kid,0.0022296868443443,image_folder_1024x1024_normalized_log_transform_193A_40K_with_lev1.5_corrections,full_projectedgan_baseline,inception_v3
fid,0.1322393840554205,image_folder_1024x1024_normalized_log_transform_193A_40K_with_lev1.5_corrections-CROPPED64,efficientnet-lite1-CROPPED64,mae_vitb16
fid,1.1630014150260404,image_folder_1024x1024_normalized_log_transform_193A_40K_with_lev1.5_corrections,diffusion_1000steps_train_250_steps_inference_78Ktraining_no_random_flip_dropout0.3,random_inception_v3
fid,0.3010702037031797,image_folder_1024x1024_normalized_log_transform_193A_40K_with_lev1.5_corrections,efficientnet-lite1,mae_solar_vitb16
fid,6.386226431886968,image_folder_1024x1024_normalized_log_transform_193A_40K_with_lev1.5_corrections,full_projectedgan_baseline,vicreg_rn50_solar
precision,0.5421695113182068,image_folder_1024x1024_normalized_log_transform_193A_40K_with_lev1.5_corrections,efficientnet-lite3,inception_v3
recall,0.7124573588371277,image_folder_1024x1024_normalized_log_transform_193A_40K_with_lev1.5_corrections,efficientnet-lite3,inception_v3
fid,6.959797321811777,"image_folder_1024x1024_normalized_log_transform_193A_40K_with_lev1.5_corrections-CROPPED299CS_0.1,1_CR_1,1","no_cross_scale_and_no_cross_channel_mixing-CROPPED299CS_0.1,1_CR_1,1",inception_v3
fid,5.262260455066317,image_folder_1024x1024_normalized_log_transform_193A_40K_with_lev1.5_corrections,efficientnet-lite1,vicreg_rn50_solar_v2
kid,0.2274896338488489,image_folder_1024x1024_normalized_log_transform_193A_40K_with_lev1.5_corrections,diffusion_2000steps_train_250_steps_inference_58Ktraining,inception_v3
fid,6.525510242549089,image_folder_1024x1024_normalized_log_transform_193A_40K_with_lev1.5_corrections,efficientnet-lite1,vicreg_rn50_solar
fid,24.58826043921107,"image_folder_1024x1024_normalized_log_transform_193A_40K_with_lev1.5_corrections-CROPPED299CS_0.1,1_CR_1,1","randomly_initialized_feature_network-CROPPED299CS_0.1,1_CR_1,1",
fid,5.707456916220198,image_folder_1024x1024_normalized_log_transform_193A_40K_with_lev1.5_corrections,unfreeze_feature_network,inception_v3_other_block_0
fid,1.823732606857135,image_folder_1024x1024_normalized_log_transform_193A_40K_with_lev1.5_corrections-CROPPED64,discriminator_1-CROPPED64,vicreg_rn50_solar_v2
fid,0.003961082160491,image_folder_1024x1024_normalized_log_transform_193A_40K_with_lev1.5_corrections,efficientnet-lite2,inception_v3_other_block_0
fid,3.5767512093670746,"image_folder_1024x1024_normalized_log_transform_193A_40K_with_lev1.5_corrections-CROPPED299CS_0.1,1_CR_1,1","discriminator_1,2,3-CROPPED299CS_0.1,1_CR_1,1",
precision,0.3340435624122619,image_folder_1024x1024_normalized_log_transform_193A_40K_with_lev1.5_corrections,diffusion_4000steps_train_250_steps_inference_58Ktraining,inception_v3
recall,0.6376047134399414,image_folder_1024x1024_normalized_log_transform_193A_40K_with_lev1.5_corrections,diffusion_4000steps_train_250_steps_inference_58Ktraining,inception_v3
fid,8.980052242757441e-06,image_folder_1024x1024_normalized_log_transform_193A_40K_with_lev1.5_corrections-CROPPED64,augmentations_off-CROPPED64,mae_solar_vitb16
fid,0.0487535815145381,image_folder_1024x1024_normalized_log_transform_193A_40K_with_lev1.5_corrections,diffusion_1000steps_train_250_steps_inference_54Ktraining_no_random_flip,inception_v3_other_block_0
fid,63.44104079892048,image_folder_1024x1024_normalized_log_transform_193A_40K_with_lev1.5_corrections-CROPPED64,diffusion_4000steps_train_125_steps_inference_58Ktraining-CROPPED64,vicreg_rn50_solar_v2
fid,4.733867740866227,image_folder_1024x1024_normalized_log_transform_193A_40K_with_lev1.5_corrections,augmentations_off,vicreg_rn50_solar_v2
fid,1.8850882323548368e-05,image_folder_1024x1024_normalized_log_transform_193A_40K_with_lev1.5_corrections-CROPPED128,efficientnet-lite2-CROPPED128,mae_solar_vitb16
fid,60.74542102385294,image_folder_1024x1024_normalized_log_transform_193A_40K_with_lev1.5_corrections,diffusion_500steps_train_50_steps_inference_58Ktraining,vicreg_rn50_solar_v2
fid,0.3389653360113841,image_folder_1024x1024_normalized_log_transform_193A_40K_with_lev1.5_corrections,diffusion_4000steps_train_250_steps_inference_58Ktraining,mae_solar_vitb16
fid,3.5767512093670746,"image_folder_1024x1024_normalized_log_transform_193A_40K_with_lev1.5_corrections-CROPPED299CS_0.1,1_CR_1,1","discriminator_1,2,3-CROPPED299CS_0.1,1_CR_1,1",inception_v3
fid,53.73935192582877,image_folder_1024x1024_normalized_log_transform_193A_40K_with_lev1.5_corrections-CROPPED64,diffusion_250steps_train_250_steps_inference_56Ktraining_no_random_flip-CROPPED64,vicreg_rn50_solar_v2
fid,50.5800898984358,image_folder_1024x1024_normalized_log_transform_193A_40K_with_lev1.5_corrections-CROPPED64,diffusion_4000steps_train_50_steps_inference_58Ktraining-CROPPED64,vicreg_rn50_solar_v2
fid,8.991707980403305,image_folder_1024x1024_normalized_log_transform_193A_40K_with_lev1.5_corrections-CROPPED64,diffusion_1000steps_train_250_steps_inference_58Ktraining-CROPPED64,
fid,6.201113476333823,image_folder_1024x1024_normalized_log_transform_193A_40K_with_lev1.5_corrections,trainable_projections,vicreg_rn50_solar
kid,0.0504768019419419,image_folder_1024x1024_normalized_log_transform_193A_40K_with_lev1.5_corrections,diffusion_1000steps_train_250_steps_inference_58Ktraining_small_unet,inception_v3
fid,140.88450098908467,image_folder_1024x1024_normalized_log_transform_193A_40K_with_lev1.5_corrections,unfreeze_feature_network+trainable_projections,vicreg_rn50_solar
fid,2.779860678430566,image_folder_1024x1024_normalized_log_transform_193A_40K_with_lev1.5_corrections-CROPPED128,discriminator_1-CROPPED128,mae_solarp128_vitb16
fid,221.11404818604404,"image_folder_1024x1024_normalized_log_transform_193A_40K_with_lev1.5_corrections-CROPPED299CS_0.1,1_CR_1,1","randomly_initialized_feature_network_unfrozen-CROPPED299CS_0.1,1_CR_1,1",inception_v3
fid,11.91546072377319,image_folder_1024x1024_normalized_log_transform_193A_40K_with_lev1.5_corrections,diffusion_250steps_train_125_steps_inference_58Ktraining,vicreg_rn50_solar_v2
fid,2.373209558740257,image_folder_1024x1024_normalized_log_transform_193A_40K_with_lev1.5_corrections-CROPPED64,trainable_projections-CROPPED64,inception_v3
fid,0.1878568680154235,image_folder_1024x1024_normalized_log_transform_193A_40K_with_lev1.5_corrections,no_cross_scale_mixing,mae_vitb16
fid,0.900489400099957,image_folder_1024x1024_normalized_log_transform_193A_40K_with_lev1.5_corrections-CROPPED128,efficientnet-lite2-CROPPED128,
fid,4.784952647238692,image_folder_1024x1024_normalized_log_transform_193A_40K_with_lev1.5_corrections,unfreeze_feature_network+trainable_projections,clip_rn50
kid,0.0043120577352352,image_folder_1024x1024_normalized_log_transform_193A_40K_with_lev1.5_corrections,efficientnet-lite1,inception_v3
fid,7.217481691890811,image_folder_1024x1024_normalized_log_transform_193A_40K_with_lev1.5_corrections,trainable_projections,
fid,1.7744161288719056,image_folder_1024x1024_normalized_log_transform_193A_40K_with_lev1.5_corrections-CROPPED64,efficientnet-lite1-CROPPED64,vicreg_rn50_solar_v2
fid,23.39504504343012,image_folder_1024x1024_normalized_log_transform_193A_40K_with_lev1.5_corrections,randomly_initialized_feature_network,vicreg_rn50_inet
fid,369.7095124619125,"image_folder_1024x1024_normalized_log_transform_193A_40K_with_lev1.5_corrections-CROPPED299CS_0.1,1_CR_1,1","unfreeze_feature_network+trainable_projections-CROPPED299CS_0.1,1_CR_1,1",
fid,209.18280950757708,image_folder_1024x1024_normalized_log_transform_193A_40K_with_lev1.5_corrections,randomly_initialized_feature_network,dino_vitb16
fid,9.971457951529205,image_folder_1024x1024_normalized_log_transform_193A_40K_with_lev1.5_corrections,diffusion_1000steps_train_125_steps_inference_58Ktraining,vicreg_rn50_solar_v2
fid,203.71735851838795,image_folder_1024x1024_normalized_log_transform_193A_40K_with_lev1.5_corrections,diffusion_500steps_train_50_steps_inference_58Ktraining,inception_v3
fid,6.959797321811777,"image_folder_1024x1024_normalized_log_transform_193A_40K_with_lev1.5_corrections-CROPPED299CS_0.1,1_CR_1,1","no_cross_scale_and_no_cross_channel_mixing-CROPPED299CS_0.1,1_CR_1,1",
fid,478.0261503378301,image_folder_1024x1024_normalized_log_transform_193A_40K_with_lev1.5_corrections,diffusion_250steps_train_250_steps_inference_58Ktraining,mae_solar_vitb16_v2
fid,494.7287597141863,image_folder_1024x1024_normalized_log_transform_193A_40K_with_lev1.5_corrections,unfreeze_feature_network,vicreg_rn50_solar
fid,4.193335234469174,image_folder_1024x1024_normalized_log_transform_193A_40K_with_lev1.5_corrections,augmentations_off,
fid,0.1650655713056039,image_folder_1024x1024_normalized_log_transform_193A_40K_with_lev1.5_corrections-CROPPED64,no_cross_scale_and_no_cross_channel_mixing-CROPPED64,mae_vitb16
fid,5.799834297048282,image_folder_1024x1024_normalized_log_transform_193A_40K_with_lev1.5_corrections,efficientnet-lite3,vicreg_rn50_solar
precision,0.4658927321434021,image_folder_1024x1024_normalized_log_transform_193A_40K_with_lev1.5_corrections,discriminator_1,inception_v3
recall,0.3898024559020996,image_folder_1024x1024_normalized_log_transform_193A_40K_with_lev1.5_corrections,discriminator_1,inception_v3
fid,13.34402916899552,image_folder_1024x1024_normalized_log_transform_193A_40K_with_lev1.5_corrections-CROPPED299,diffusion_1000steps_train_250_steps_inference_58Ktraining-CROPPED299,
fid,4.696260097722984,"image_folder_1024x1024_normalized_log_transform_193A_40K_with_lev1.5_corrections-CROPPED299CS_0.1,1_CR_1,1","discriminator_1,2-CROPPED299CS_0.1,1_CR_1,1",inception_v3
fid,3.326778466471493,image_folder_1024x1024_normalized_log_transform_193A_40K_with_lev1.5_corrections-CROPPED128,unfreeze_feature_network+trainable_projections-CROPPED128,mae_solar_vitb16
fid,8.403566677920338,image_folder_1024x1024_normalized_log_transform_193A_40K_with_lev1.5_corrections,"discriminator_1,2",vicreg_rn50_inet
fid,0.84359191420603,image_folder_1024x1024_normalized_log_transform_193A_40K_with_lev1.5_corrections-CROPPED128,full_projectedgan-CROPPED128,inception_v3
fid,502.1170220632479,image_folder_1024x1024_normalized_log_transform_193A_40K_with_lev1.5_corrections,no_cross_scale_and_no_cross_channel_mixing,mae_solar_vitb16_v2
fid,1.4801585028790485,image_folder_1024x1024_normalized_log_transform_193A_40K_with_lev1.5_corrections,unfreeze_feature_network+trainable_projections,mae_solar_vitb16
fid,14.879964018657134,image_folder_1024x1024_normalized_log_transform_193A_40K_with_lev1.5_corrections,diffusion_250steps_train_250_steps_inference_56Ktraining_no_random_flip,vicreg_rn50_solar
fid,13.159940407369106,image_folder_1024x1024_normalized_log_transform_193A_40K_with_lev1.5_corrections-CROPPED128,diffusion_1000steps_train_250_steps_inference_58Ktraining-CROPPED128,mae_solarp128_vitb16
fid,197.74762005265663,image_folder_1024x1024_normalized_log_transform_193A_40K_with_lev1.5_corrections,diffusion_500steps_train_125_steps_inference_58Ktraining,inception_v3
fid,162.7757176698769,image_folder_1024x1024_normalized_log_transform_193A_40K_with_lev1.5_corrections-CROPPED256,unfreeze_feature_network-CROPPED256,
fid,175.68624188476792,image_folder_1024x1024_normalized_log_transform_193A_40K_with_lev1.5_corrections-CROPPED128,randomly_initialized_feature_network_unfrozen-CROPPED128,inception_v3
fid,4.678596791306212,image_folder_1024x1024_normalized_log_transform_193A_40K_with_lev1.5_corrections,efficientnet-lite3,vicreg_rn50_solar_v2
fid,3.795706613826354,image_folder_1024x1024_normalized_log_transform_193A_40K_with_lev1.5_corrections,efficientnet-lite3,inception_v3
fid,0.3253309806567851,image_folder_1024x1024_normalized_log_transform_193A_40K_with_lev1.5_corrections,diffusion_1000steps_train_250_steps_inference_58Ktraining_small_unet,mae_solar_vitb16
precision,0.6776362657546997,image_folder_1024x1024_normalized_log_transform_193A_40K_with_lev1.5_corrections,full_projectedgan_baseline,inception_v3
recall,0.3590598702430725,image_folder_1024x1024_normalized_log_transform_193A_40K_with_lev1.5_corrections,full_projectedgan_baseline,inception_v3
fid,5.119625011529272,image_folder_1024x1024_normalized_log_transform_193A_40K_with_lev1.5_corrections,randomly_initialized_feature_network_unfrozen,random_inception_v3
fid,1.7299709035960973,image_folder_1024x1024_normalized_log_transform_193A_40K_with_lev1.5_corrections-CROPPED128,"discriminator_1,2-CROPPED128",inception_v3
fid,1.711178443904171e-05,image_folder_1024x1024_normalized_log_transform_193A_40K_with_lev1.5_corrections-CROPPED128,full_projectedgan_baseline-CROPPED128,mae_solar_vitb16
fid,1.2770238712928337,image_folder_1024x1024_normalized_log_transform_193A_40K_with_lev1.5_corrections-CROPPED64,randomly_initialized_feature_network_unfrozen-CROPPED64,mae_solar_vitb16
fid,4.469391683708267,"image_folder_1024x1024_normalized_log_transform_193A_40K_with_lev1.5_corrections-CROPPED299CS_0.1,1_CR_1,1","trainable_projections-CROPPED299CS_0.1,1_CR_1,1",inception_v3
fid,369.7095124619125,"image_folder_1024x1024_normalized_log_transform_193A_40K_with_lev1.5_corrections-CROPPED299CS_0.1,1_CR_1,1","unfreeze_feature_network+trainable_projections-CROPPED299CS_0.1,1_CR_1,1",inception_v3
fid,471.9033902658008,image_folder_1024x1024_normalized_log_transform_193A_40K_with_lev1.5_corrections,efficientnet-lite1,mae_solar_vitb16_v2
fid,0.2955457721298488,image_folder_1024x1024_normalized_log_transform_193A_40K_with_lev1.5_corrections,diffusion_250steps_train_250_steps_inference_58Ktraining,mae_solar_vitb16
fid,6.334010900143767,"image_folder_1024x1024_normalized_log_transform_193A_40K_with_lev1.5_corrections-CROPPED299CS_0.1,1_CR_1,1","no_cross_scale_mixing-CROPPED299CS_0.1,1_CR_1,1",
fid,0.0035932835614018,image_folder_1024x1024_normalized_log_transform_193A_40K_with_lev1.5_corrections,full_projectedgan,inception_v3_other_block_0
precision,0.3691998124122619,image_folder_1024x1024_normalized_log_transform_193A_40K_with_lev1.5_corrections,diffusion_1000steps_train_250_steps_inference_54Ktraining_no_random_flip,inception_v3
recall,0.5242786407470703,image_folder_1024x1024_normalized_log_transform_193A_40K_with_lev1.5_corrections,diffusion_1000steps_train_250_steps_inference_54Ktraining_no_random_flip,inception_v3
fid,2.230342487731595,image_folder_1024x1024_normalized_log_transform_193A_40K_with_lev1.5_corrections,diffusion_500steps_train_250_steps_inference_58Ktraining,clip_rn50
fid,0.2891952002490687,image_folder_1024x1024_normalized_log_transform_193A_40K_with_lev1.5_corrections,diffusion_1000steps_train_250_steps_inference_58Ktraining,mae_solar_vitb16
fid,0.5172159237202449,image_folder_1024x1024_normalized_log_transform_193A_40K_with_lev1.5_corrections,diffusion_1000steps_train_1000_steps_inference_58Ktraining,mae_vitb16
fid,0.0204820013247138,image_folder_1024x1024_normalized_log_transform_193A_40K_with_lev1.5_corrections,"discriminator_1,2,3",clip_rn50
fid,0.3023544973357558,image_folder_1024x1024_normalized_log_transform_193A_40K_with_lev1.5_corrections,diffusion_250steps_train_250_steps_inference_56Ktraining_no_random_flip,mae_solar_vitb16
fid,36.7709449616937,image_folder_1024x1024_normalized_log_transform_193A_40K_with_lev1.5_corrections,diffusion_4000steps_train_50_steps_inference_58Ktraining,inception_v3
fid,91.71665324279638,image_folder_1024x1024_normalized_log_transform_193A_40K_with_lev1.5_corrections,"discriminator_1,2,3",dino_vitb16
fid,3.109517901520064,"image_folder_1024x1024_normalized_log_transform_193A_40K_with_lev1.5_corrections-CROPPED299CS_0.1,1_CR_1,1","full_projectedgan_baseline-CROPPED299CS_0.1,1_CR_1,1",
fid,16.326441827678536,image_folder_1024x1024_normalized_log_transform_193A_40K_with_lev1.5_corrections,diffusion_1000steps_train_125_steps_inference_58Ktraining,inception_v3
precision,0.6605724692344666,image_folder_1024x1024_normalized_log_transform_193A_40K_with_lev1.5_corrections,augmentations_off,inception_v3
recall,0.5070069432258606,image_folder_1024x1024_normalized_log_transform_193A_40K_with_lev1.5_corrections,augmentations_off,inception_v3
fid,3.5470727922782146,image_folder_1024x1024_normalized_log_transform_193A_40K_with_lev1.5_corrections-CROPPED128,augmentations_off-CROPPED128,
fid,484.3961288461479,image_folder_1024x1024_normalized_log_transform_193A_40K_with_lev1.5_corrections,full_projectedgan,mae_solar_vitb16_v2
fid,96.40691991124812,image_folder_1024x1024_normalized_log_transform_193A_40K_with_lev1.5_corrections-CROPPED64,diffusion_500steps_train_250_steps_inference_58Ktraining-CROPPED64,vicreg_rn50_solar_v2
fid,328.0357105746873,image_folder_1024x1024_normalized_log_transform_193A_40K_with_lev1.5_corrections,unfreeze_feature_network+trainable_projections,inception_v3
fid,0.0090107355843304,image_folder_1024x1024_normalized_log_transform_193A_40K_with_lev1.5_corrections,randomly_initialized_feature_network,random_inception_v3
precision,0.629668116569519,image_folder_1024x1024_normalized_log_transform_193A_40K_with_lev1.5_corrections,efficientnet-lite1,inception_v3
recall,0.467214822769165,image_folder_1024x1024_normalized_log_transform_193A_40K_with_lev1.5_corrections,efficientnet-lite1,inception_v3
fid,1.2447245677216188,image_folder_1024x1024_normalized_log_transform_193A_40K_with_lev1.5_corrections-CROPPED256,efficientnet-lite3-CROPPED256,
fid,205.4801505800089,image_folder_1024x1024_normalized_log_transform_193A_40K_with_lev1.5_corrections-CROPPED64,diffusion_1000steps_train_250_steps_inference_78Ktraining_no_random_flip_dropout0.3-CROPPED64,vicreg_rn50_solar_v2
fid,40.70615333256211,image_folder_1024x1024_normalized_log_transform_193A_40K_with_lev1.5_corrections-CROPPED64,diffusion_250steps_train_250_steps_inference_58Ktraining-CROPPED64,vicreg_rn50_solar_v2
fid,0.2866645119506785,image_folder_1024x1024_normalized_log_transform_193A_40K_with_lev1.5_corrections,randomly_initialized_feature_network,mae_solar_vitb16
fid,801.649319648557,image_folder_1024x1024_normalized_log_transform_193A_40K_with_lev1.5_corrections,unfreeze_feature_network,mae_solar_vitb16_v2
fid,65.15629929976151,image_folder_1024x1024_normalized_log_transform_193A_40K_with_lev1.5_corrections,diffusion_500steps_train_250_steps_inference_58Ktraining,vicreg_rn50_solar_v2
fid,3.675632232725548,image_folder_1024x1024_normalized_log_transform_193A_40K_with_lev1.5_corrections-CROPPED64,augmentations_off-CROPPED64,inception_v3
precision,0.000119887306937,image_folder_1024x1024_normalized_log_transform_193A_40K_with_lev1.5_corrections,randomly_initialized_feature_network_unfrozen,inception_v3
recall,0.0,image_folder_1024x1024_normalized_log_transform_193A_40K_with_lev1.5_corrections,randomly_initialized_feature_network_unfrozen,inception_v3
fid,171.56380435566655,image_folder_1024x1024_normalized_log_transform_193A_40K_with_lev1.5_corrections,unfreeze_feature_network,inception_v3
fid,6.676528234571379,image_folder_1024x1024_normalized_log_transform_193A_40K_with_lev1.5_corrections,"discriminator_1,2,3",vicreg_rn50_solar
